nome,whatsapp,email,site,estado,cidade
Empresa,557141112333,,construtorabauhaus.com.br,BA,
Empresa,557532813645,atendimento@coinpe.com.br,coinpe.com.br,BA,
Empresa,557132430913,contato@barcinoesteve.com.br,barcinoesteve.com.br,BA,
Empresa,557932165000,relacionamento@celi.com.br,celi.com.br,BA,
Empresa,557133362286,hugo.planejamento@espacor2.com.br,espacor2.com.br,BA,
Empresa,557133679949,farol.construcao@gmail.com,construtorafarol.com.br,BA,
Empresa,557135072555,,cflconstrutora.com.br,BA,
Empresa,557134503674,contato@construtoramodulo.com.br,construtoramodulo.com.br,BA,
Empresa,557133442005,,construtoralink.com.br,BA,
Empresa,557133067131,cnm@construtoranm.com.br,construtoranm.com.br,BA,
Empresa,557332881545,,construtoraouteiro.com.br,BA,
Empresa,557132458488,construtorapablo@construtorapablo.com.br,construtorapablo.com.br,BA,
Empresa,557133556666,,costaandrade.com.br,BA,
Empresa,557130823082,contato@cplconstrutora.com.br,cplconstrutora.com.br,BA,
Empresa,557133623393,ctl-ssa@uol.com.br,ctlssa.com.br,BA,
Empresa,557135942250,dipawa@dipawa.com.br,dipawa.com.br,BA,
Empresa,557133284444,falcao@falcaoconstrutora.com.br,falcaoconstrutora.com.br,BA,
Empresa,557132722377,,mvsconstrutora.com.br,BA,
Empresa,558532511414,,http://www.acopi.com.br/,CE,
Empresa,558532649272,,http://www.bm.eng.br/,CE,
Empresa,558540086969,,http://www.carneirodemelo.com.br/,CE,
Empresa,558532244576,,http://www.coigma.com.br/,CE,
Empresa,558532886600,receber@colmeia.com.br,http://www.colmeia.com.br/,CE,
Empresa,558532604006,atendimento@construtoradube.com.br,http://www.construtoradube.com.br/,CE,
Empresa,558530777800,exata@exataconstrutora.com.br,http://www.exataconstrutora.com.br/,CE,
Empresa,558532677288,elos@construtoraelos.com.br,http://www.construtoraelos.com/,CE,
Empresa,558534721674,engenharia@construtoraengeterra.com,http://www.construtoraengeterra.com/,CE,
Empresa,558531334058,,http://www.jsimoes.com.br/,CE,
Empresa,558532522081,,http://www.construtoramontenegro.com.br/,CE,
Empresa,551130378400,sac@passarelli.com.br,http://www.passarelli.com.br/,CE,
Empresa,558531058000,,http://www.reata.com.br/,CE,
Empresa,558534741788,contato@construtorasamaria.com.br,http://www.construtorasamaria.com.br/,CE,
Empresa,558532712354,jorge@construtoratriade.com.br,http://www.construtoratriade.com.br/,CE,
Empresa,558888020746,crc.jua@crcoelho.com.br,http://www.crcoelho.com.br/,CE,
Empresa,558532735244,,http://www.morefacil.com.br/,CE,
Empresa,551137081010,relacionamento@tecnisa.com.br,http://www.tecnisa.com.br/,DF,
Empresa,552732252411,vendas@agataconstrutora.com.br,http://www.agataconstrutora.com.br/,ES,
Empresa,552733896009,,http://www.barbosabarros.com.br/,ES,
Empresa,552733253544,abaurre@abaurre.com.br,http://www.abaurre.com.br/,ES,
Empresa,552737214444,,http://www.construtoraarpa.com.br/,ES,
Empresa,552732016999,,http://www.construtoracapitania.com.br/,ES,
Empresa,5527995834432,contato@construtoraepura.com,http://www.construtoraepura.com/,ES,
Empresa,552737216561,construtorapj@construtorapj.com.br,http://www.construtorapj.com.br/,ES,
Empresa,552732057200,relacionamento@sacavalcante.com.br,http://www.sacavalcante.com.br/,ES,
Empresa,552732625668,contato@smconstrutora.com.br,http://www.smconstrutora.com.br/,ES,
Empresa,552733256565,,http://www.vigaconstrutora.com.br/,ES,
Empresa,552733157145,,http://www.francavilla.com.br/,ES,
Empresa,552732004004,,http://www.galwan.com.br/,ES,
Empresa,552730771414,contato@javeconstrutora.com.br,http://www.javeconstrutora.com.br/,ES,
Empresa,552721237700,marcaambiental@marcaambiental.com.br,http://www.marcaambiental.com.br/,ES,
Empresa,552733571099,contato@mazzinigomes.com.br,http://www.mazzinigomes.com.br/,ES,
Empresa,552733141500,atendimento@morar.com.br,http://www.morar.com/,ES,
Empresa,553132251466,,http://www.sfranco.com.br/,ES,
Empresa,552732255444,engenharia@signusconstrutora.com.br,http://www.signusconstrutora.com.br/,ES,
Empresa,552733141491,contato@tmaconstrutora.com.br,http://www.tmaconstrutora.com.br/,ES,
Empresa,552733610050,vargas@vargasconstrutora.com.br,http://www.vargasconstrutora.com.br/,ES,
Empresa,556230912131,contato@abacoconstrutora.com.br,http://www.abacoconstrutora.com.br/,GO,
Empresa,556239310057,contato@calengenharia.com.br,http://www.calengenharia.com.br/,GO,
Empresa,5562999914659,dho@consciente.com.br,http://www.conscienteconstrutora.com.br/,GO,
Empresa,556233111000,contato@construinvest.com.br,http://www.construinvest.com.br/,GO,
Empresa,556239205100,contato@aguasantaconstrutora.com.br,http://www.aguasantaconstrutora.com.br/,GO,
Empresa,556232810108,gerencia@construtoracampos.com.br,http://www.construtoracampos.com.br/,GO,
Empresa,556235469000,po@ccbconstrutora.com.br,http://www.ccbconstrutora.com.br/,GO,
Empresa,556231570267,recepcao@merzian.com.br,http://www.merzian.com.br/,GO,
Empresa,556232164272,cmocomvoce@cmoconstrutora.com.br,http://www.cmoconstrutora.com.br/,GO,
Empresa,556239452444,sac@romanobarbosa.com.br,http://www.romanobarbosa.com.br/,GO,
Empresa,556230926852,contato@construtoraserragrande.com.br,http://www.construtoraserragrande.com.br/,GO,
Empresa,559930150101,contato@engefortconstrutora.com.br,http://www.engefortnet.com.br/,GO,
Empresa,556239916113,contato@grupoepoca.com,http://www.epocaconstrutora.com.br/,GO,
Empresa,556234122200,ouvidoria@consorciogovesa.com.br,http://www.govesa.ind.br/,GO,
Empresa,5562999697532,contato@himalaia.net.br,http://www.himalaia.net.br/,GO,
Empresa,556240062600,innovar@innovarconstrutora.com.br,http://www.innovarconstrutora.com.br/,GO,
Empresa,556236265254,adm@jl2engenharia.com.br,http://www.jl2construtora.com.br/,GO,
Empresa,556237030510,contato@lugasa.com.br,http://www.lugasa.com.br/,GO,
Empresa,556235946005,engenharia@mpaconstrutora.com.br,http://www.mpaconstrutora.com.br/,GO,
Empresa,5562998444009,atendimento@rodriguesdacunha.com.br,http://www.rodriguesdacunha.com.br/,GO,
Empresa,556239325532,,http://www.teccril.com.br/,GO,
Empresa,5562981600202,,http://www.tripoliconstrutora.com.br/,GO,
Empresa,553132862493,,http://www.bmgconstrutora.com.br/,Belo Horizonte,
Empresa,553140097000,,http://www.caparao.com.br/,Belo Horizonte,
Empresa,553132224295,casagrande@construtoracasagrande.com.br,http://www.construtoracasagrande.com.br/,Belo Horizonte,
Empresa,553130788600,,http://www.construtoracastor.com.br/,Belo Horizonte,
Empresa,553832225434,contato@connage.com.br,http://www.connage.com.br/,Montes Claros,
Empresa,553132746229,,http://www.cunharibeiro.com.br/,Belo Horizonte,
Empresa,553132342362,,http://www.construtoradh.com.br/,Belo Horizonte,
Empresa,553133249733,comercial@dinizcamargos.com.br,http://www.dinizcamargos.com.br/,Belo Horizonte,
Empresa,553830547327,grupoparaopeba@grupoparaopeba.com.br,http://www.grupoparaopeba.com.br/,Itabirito,
Empresa,553138524660,licitacao@ferreirajunior.eng.br,http://www.ferreirajunior.eng.br/,João Monlevade,
Empresa,553132950105,,http://www.jcampara.com.br/,Belo Horizonte,
Empresa,5531999783506,jcarvalho@construtorajcarvalho.com,http://www.construtorajcarvalho.com/,Belo Horizonte,
Empresa,553132738048,reformas@construtorajatoclean.com.br,http://www.construtorajatoclean.com.br/,Belo Horizonte,
Empresa,553134991900,marins@construtoramarins.com.br,http://www.construtoramarins.com.br/,Belo Horizonte,
Empresa,5531975755536,marka.serv@outlook.com; comercial@markaservicos.com.br,http://www.construtoramarka.com.br/,Belo Horizonte,
Empresa,553133965185,,http://www.construtoramilionario.com.br/,Contagem,
Empresa,553132411030,,http://www.cmcsa.com.br/,Belo Horizonte,
Empresa,5532984572792,ariapubmkt@gmail.com,http://www.construtoranortesul.com.br/,Juiz de Fora,
Empresa,553732215868,,http://www.oliveirasouki.com.br/,Divinópolis,
Empresa,553732218332,,http://www.construtorapardini.com.br/,Divinópolis,
Empresa,553134693000,sac@construtoraplano.com.br; contato@construtoraplano.com.br,http://www.construtoraplano.com.br/,Belo Horizonte,
Empresa,553135711155,pontal@construtorapontal.com.br,http://www.construtorapontal.com.br/,Brumadinho,
Empresa,553138523234,pontesdeminas@construtorapontesdeminas.com.br; compras@construtorapontesdeminas.com.br; rh@construtorapontesdeminas.com.br,http://www.grupopontesbrasil.com.br/,João Monlevade,
Empresa,553138481770,vendas@construtorapremier.com.br,http://www.construtorapremier.com.br/,Timóteo,
Empresa,553125550223,marialuiza@construtoraqbhz.com.br,http://www.construtoraqbhz.com.br/,Belo Horizonte,
Empresa,553130243482,cqualidade@globo.com,http://www.construtoraqualidade.com.br/,Belo Horizonte,
Empresa,553133647000,,http://www.construtorasaba.com.br/,MG,
Empresa,553121252563,comercial@gruposantanna.com.br,http://www.construtorasantanna.com.br/,MG,
Empresa,5531995879897,contato@morrograndeconstrutora.com.br,http://www.morrograndeconstrutora.com.br/,MG,
Empresa,553133711616,,http://www.segenco.com.br/,MG,
Empresa,5531999555958,,http://www.construtorasudoeste.com.br/,MG,
Empresa,553134845443,unenco@unenco.com.br,http://www.unenco.com.br/,MG,
Empresa,5531983194757,uni@somosauni.com.br,http://www.construtorauni.com.br/,MG,
Empresa,553138391900,contato@cvvsa.com.br,http://www.construtoravaleverde.com.br/,MG,
Empresa,551723845056,,http://www.valleribeiro.com.br/,MG,
Empresa,552147483647,,http://www.construtoravig.com.br/,MG,
Empresa,553232153022,,http://www.waomar.com.br/,MG,
Empresa,553132211366,,http://www.convaco.com.br/,MG,
Empresa,553132412103,contato@grupocros.com.br,http://www.crosltda.com.br/,MG,
Empresa,553134913332,,http://www.ebate.com.br/,MG,
Empresa,551780612451,efconstrutora2022@gmail.com,http://www.efconstrutora.com.br/,MG,
Empresa,5531996091982,,http://www.engetecno.com.br/,MG,
Empresa,5593409999996,,http://www.even.com.br/,MG,
Empresa,553432240562,vendas@futuraconstrutora.com,http://www.futuraconstrutora.com/,MG,
Empresa,5531214951497,garcapocos@garcapocos.com.br,http://www.garcapocos.com.br/,MG,
Empresa,5519909774601,,http://www.horizonteconstrutora.com.br/,MG,
Empresa,5535988556714,contato@jcostaconstrutora.com.br,http://www.jcostaconstrutora.com.br/,MG,
Empresa,5535988580019,,http://www.jlr.com.br/,MG,
Empresa,553133784554,,http://www.mcfconstrutora.com.br/,MG,
Empresa,553138246666,,http://www.montbrosconstrutora.com.br/,MG,
Empresa,5581864154728,vendas@privilegeconstrutora.com.br,http://www.privilegeconstrutora.com.br/,MG,
Empresa,553433380037,contato@thifeconstrutora.com.br,http://www.thifeconstrutora.com.br/,MG,
Empresa,5531984519004,,http://www.trenaconstrutora.com.br/,MG,
Empresa,5534988034272,,http://www.varconstrutora.com.br/,MG,
Empresa,558134326966,,http://www.almeidacamargo.eng.br/,PE,
Empresa,558132514210,,http://www.ca3construtora.com.br/,PE,
Empresa,5581992181712,cnc@castronevesconstrutora.com.br,http://www.castronevesconstrutora.com.br/,PE,
Empresa,558132424488,col.engenharia@gmail.com,http://www.colengenharia.com.br/,PE,
Empresa,558134658033,conlar@conlar.com,http://www.conlarconstrutora.com.br/,PE,
Empresa,558133661155,,http://www.accruz.com.br/,PE,
Empresa,558132263856,sac@baptistaleal.com.br,http://www.baptistaleal.com.br/,PE,
Empresa,558132285555,carajas@construtoracarajas.com.br,http://www.construtoracarajas.com.br/,PE,
Empresa,558132311703,,http://www.carrilho.com.br/,PE,
Empresa,558133271953,rh@construtoracasaalta.com.br,http://www.construtoracasaalta.com.br/,PE,
Empresa,558130730700,viviane@construtoradallas.com.br,http://www.construtoradallas.com.br/,PE,
Empresa,558134452090,,http://www.correiaepeixoto.com.br/,PE,
Empresa,558134235788,nassau@nassauflex.com.br,http://www.nassauflex.com.br/,PE,
Empresa,558133415589,,http://www.construtoraeldorado.com.br/,PE,
Empresa,558134718288,cfama@elogica.com.br,http://www.construtorafama.com.br/,PE,
Empresa,558134930806,,http://www.construtoraholanda.com.br/,PE,
Empresa,558134235006,construtora@machadoguimaraes.com.br,http://www.machadoguimaraes.com.br/,PE,
Empresa,558130387300,ribeirolopes@outlook.com,http://www.ribeirolopes.com.br/,PE,
Empresa,558134661485,atendimento@construtorasantoantonio.com.br,http://www.construtorasantoantonio.com.br/,PE,
Empresa,558738668900,,http://www.grupovenancio.com.br/,PE,
Empresa,554432637873,aleports@hotmail.com,http://www.aguiconstrutora.com.br/,PR,
Empresa,5549999127972,orcamento@amagoconstrutora.com.br,http://www.amagoconstrutora.com.br/,PR,
Empresa,552125934015,atual.construtora@bol.com.br,http://www.atualconstrutora.com.br/,PR,
Empresa,5541988610590,,http://www.cardosoconstrutora.com.br/,PR,
Empresa,5517981260710,,http://www.construtorauniao.com.br/,PR,
Empresa,5568085947808,bootstrap@5.2.2,http://www.amarelasinternet.com/,PR,
Empresa,5551994641092,,http://www.albarus.com.br/,RJ,
Empresa,558133227157,contato@azevedocastro.com.br,http://www.azevedocastro.com.br/,RJ,
Empresa,5521971848259,contato@doisl.com.br,http://www.doisl.com.br/,RJ,
Empresa,5527999478233,contato@dr.eng.br; rh@dr.eng.br; administrativo@dr.eng.br,http://www.drconstrutora.com.br/,RJ,
Empresa,552125321371,,http://www.construtorazermatt.com.br/,RJ,
Empresa,552124379882,,http://www.gtbimobiliaria.com.br/,RJ,
Empresa,5521971549816,contato@grupomartinelli.com.br,http://www.grupomartinelli.com.br/,RJ,
Empresa,552433830822,contato@mgfsul.com.br,http://www.mgfsul.com.br/,RJ,
Empresa,552125217235,,http://www.osborne.com.br/,RJ,
Empresa,552121388021,,http://www.premio.com.br/,RJ,
Empresa,552124435040,,http://www.tiroch.com.br/,RJ,
Empresa,551144321305,,http://www.alconstrutora.com.br/,RS,
Empresa,555132473030,edisul@edisul.com.br,http://www.edisul.com.br/,RS,
Empresa,555134711616,comercial@engemold.com.br,http://www.engemold.com.br/,RS,
Empresa,555433131763,,http://www.gobbiengenharia.com.br/,RS,
Empresa,555132683733,contato@cminosso.com.br,http://www.cminosso.com.br/,RS,
Empresa,555133322700,rh@pelotense.com.br,http://www.pelotense.com.br/,RS,
Empresa,555433312756,sengerconstrutora@gmail.com,http://www.construtorasenger.com.br/,RS,
Empresa,555132141200,sultepa@sultepa.com.br,http://www.sultepa.com.br/,RS,
Empresa,551156430100,comercial@htb.eng.br; htb@htb.eng.br,http://www.tedesco.com.br/,RS,
Empresa,5551996228113,edilsonimojel@gmail.com; gustavolimalves@hotmail.com; plantao@imojel.com.br; vendas@imojel.com.br,http://www.imojel.com.br/,RS,
Empresa,5554996613427,scorsatto@scorsattoempreendimentos.com.br,http://www.scorsattoempreendimentos.com.br/,RS,
Empresa,5554991886502,construtora.pegoraro@gmail.com,http://www.construtorapegoraro.com.br/,RS,
Empresa,5553991326017,,http://www.robertoferreira.com.br/,RS,
Empresa,555135624694,gabrielrumocerto@gmail.com; gerencia@rumocerto-rs.com.br,http://www.rumocerto-rs.com.br/,RS,
Empresa,555332227022,aproximacaozabaleta@gmail.com,http://www.zabaleta.com.br/,RS,
Empresa,5547999837433,comercial@abdoconstrutora.com.br,www.abdoconstrutora.com.br,SC,
Empresa,554832597792,,www.ajms.com.br,SC,
Empresa,554733472403,,www.almconstrutora.com.br,SC,
Empresa,554133208900,,www.tha.com.br,SC,
Empresa,554736538207,financeiro@arskammer.com.br,www.arskammerconstrutora.com.br,SC,
Empresa,473246473348,,www.passe.com.br,SC,
Empresa,554932515515,,www.hrcerta.com.br,SC,
Empresa,554834335001,,www.construbrassc.com.br,SC,
Empresa,5547997212000,contato@construpema.com.br,www.construpema.com.br,SC,
Empresa,554832412574,,www.arthursilveira.com.br,SC,
Empresa,554834650024,,www.construtorabaiano.com.br,SC,
Empresa,554836260700,,www.barbosamoura.com.br,SC,
Empresa,554833895002,comercial@amcconstrutora.com.br,www.amcconstrutora.com.br,SC,
Empresa,554734226996,contato@construtoracorreia.com.br,www.construtoracorreia.com.br,SC,
Empresa,5547997150150,,www.jlc.com.br,SC,
Empresa,5547999611000,,www.cill.com.br,SC,
Empresa,554733610557,lombarda@lombarda.com.br,www.lombarda.com.br,SC,
Empresa,554935669800,fetz@fetz.com.br,www.fetz.com.br,SC,
Empresa,554935661600,,www.forlin.com.br,SC,
Empresa,554836577222,,www.construtorafraga.com.br,SC,
Empresa,554733260677,construtora@hahne.com.br,www.hahne.com.br,SC,
Empresa,551760107244,contato@construtoraatica.com.br,http://www.construtoraatica.com.br/,SP,
Empresa,551665077526,contato@atlantaubatuba.com.br,http://www.atlantaubatuba.com.br/,SP,
Empresa,557344963050,,http://www.construtorabaggio.com.br/,SP,
Empresa,551769368102,,http://www.construtorabalsante.com.br/,SP,
Empresa,551780612168,bandina@bandina.com.br,http://www.bandina.com.br/,SP,
Empresa,552545352419,contato@breci.com.br,http://www.breci.com.br/,SP,
Empresa,5524397662528,,http://www.casabrancaconstrutora.com.br/,SP,
Empresa,5524397662528,,http://www.casamicura.com.br/,SP,
Empresa,551934267127,conservengenharia@conservengenharia.com.br,http://www.conservengenharia.com.br/,SP,
Empresa,552545352419,cordoba@construtoracordoba.com.br,http://www.construtoracordoba.com.br/,SP,
Empresa,5535113689833,,http://www.construtoracpd.com.br/,SP,
Empresa,552545352419,comercial@construtoradalpra.com.br,http://www.construtoradalpra.com.br/,SP,
Empresa,551335918143,camartino@construtoramartino.com.br,http://www.construtoramartino.com.br/,SP,
Empresa,5524397662528,,http://www.villaramos.com.br/,SP,
Empresa,551147248573,edan@construtoraedan.com.br,http://www.construtoraedan.com.br/,SP,
Empresa,5524397662528,,http://www.engebela.com.br/,SP,
Empresa,5524397662528,,http://www.eugeniogarcia.com.br/,SP,
Empresa,5524397662528,,http://www.construtorafacon.com.br/,SP,
Empresa,552545352419,atendimento@fenicia.com.br,http://www.construtorafenicia.com.br/,SP,
Empresa,5524397662528,,http://www.construtorafortefix.com.br/,SP,
Empresa,551780694824,,http://www.graphite.com.br/,SP,
Empresa,551231285300,,http://www.guimaraestorres.com.br/,SP,
Empresa,551780751564,construtoraigarata@uol.com.br,http://www.construtoraigarata.com.br/,SP,
Empresa,5524397662528,,http://www.fedatto.com.br/,SP,
Empresa,551438537579,,http://www.solidadovale.com.br/,SP,
Empresa,5594444444444,,http://www.instalmax.com.br/,SP,
Empresa,5544455354000,daguano@femanet.com.br,http://www.construtorajcdaguano.com.br/,SP,
Empresa,5555159813967,contato@construtorajcardoso.com.br,http://www.construtorajcardoso.com.br/,SP,
Empresa,5524397662528,,http://www.jacy.com.br/,SP,
Empresa,5544455354000,contato@construtorajbb.com.br,http://www.construtorajbb.com.br/,SP,
Empresa,551780773400,,http://www.kauffmann.com.br/,SP,
Empresa,5524397662528,,http://www.lacotisse.com.br/,SP,
Empresa,551707324716,projetos@construtoralins.com.br,http://www.construtoralins.com.br/,SP,
Empresa,5524397662528,,http://www.construtoram3.com.br/,SP,
Empresa,5516431340506,consfor@consfor.com.br,http://www.consfor.com.br/,SP,
Empresa,551780577362,contato@mendessalge.com,http://www.mendessalge.com/,SP,
Empresa,5539811437728,,http://www.mingardielias.com.br/,SP,
Empresa,5536969658000,fundo@cmudar.com.br,http://www.construtoramudar.com.br/,SP,
Empresa,551937052222,,http://www.nogueiraporto.com.br/,SP,
Empresa,5524397662528,,http://www.pavan.com.br/,SP,
Empresa,551239245400,,http://www.construtoracostanorte.com.br/,SP,
Empresa,5524397662528,,http://www.construtoraromano.com.br/,SP,
Empresa,5514652421738,,http://www.construtorapellegrini.com.br/,SP,
Empresa,551779896841,contato@construtoraplaneta.com.br,http://www.construtoraplaneta.com.br/,SP,
Empresa,551147275005,,http://www.construtorapozzani.com.br/,SP,
Empresa,551712056082,procivil@procivil.com.br,http://www.procivil.com.br/,SP,
Empresa,5555149975284,ravenna@construtoraravenna.com.br,http://www.construtoraravenna.com.br/,SP,
Empresa,5524397662528,,http://www.resiplan.com.br/,SP,
Empresa,5516890017416,suporteaocliente@ops.com.br,http://www.construtorariopreto.com.br/,SP,
Empresa,551934610415,atendimento@construtorasega.com.br,http://www.construtorasega.com.br/,SP,
Empresa,5524397662528,,http://www.construtorasequencia.com.br/,SP,
Empresa,5524397662528,,http://www.simosos.com.br/,SP,
Empresa,5524397662528,,http://www.spinaprojetos.com.br/,SP,
Empresa,552545352419,605a7baede844d278b89dc95ae0a9123@sentry-next.wixpress.com,http://www.construtorastefani.com.br/,SP,
Empresa,5524397662528,,http://www.tapajosvotuporanga.com.br/,SP,
Empresa,551780376752,,http://www.tarjab.com.br/,SP,
Empresa,5526303288103,,http://www.terrasimao.com.br/,SP,
Empresa,5524397662528,,http://www.uliani.com.br/,SP,
Empresa,551780431879,sac@valadaresgontijo.com.br,http://www.valadaresgontijo.com.br/,SP,
Empresa,5524397662528,,http://www.contisa.com.br/,SP,
Empresa,5542882611856,,http://www.copenhagenconstrutora.com.br/,SP,
Empresa,5510930087808,contato@coralon.com.br,http://www.coralon.com.br/,SP,
Empresa,5524397662528,,http://www.cruzconstrutora.com.br/,SP,
Empresa,551136831410,,http://www.descon.com.br/,SP,
Empresa,5524397662528,,http://www.docelarconstrutora.com.br/,SP,
Empresa,552545352419,605a7baede844d278b89dc95ae0a9123@sentry-next.wixpress.com,http://www.dpmconstrutora.com.br/,SP,
Empresa,5524397662528,,http://www.edalco.com.br/,SP,
Empresa,551780556890,,http://www.edgeconstrutora.com.br/,SP,
Empresa,551780591594,,http://www.emplanej.com.br/,SP,
Empresa,5514874617960,encorp@encorpconstrutora.com.br,http://www.encorpconstrutora.com.br/,SP,
Empresa,551938981521,contato@engecon.com.br,http://www.engecon.com.br/,SP,
Empresa,5524397662528,,http://www.epocaconstrutorasp.com.br/,SP,
Empresa,551780599945,estrutura@estruturaconstrutora.com.br,http://www.estruturaconstrutora.com.br/,SP,
Empresa,5524397662528,,http://www.famacconstrutora.com.br/,SP,
Empresa,5524397662528,,http://www.feraconstrutora.com.br/,SP,
Empresa,551772641652,fido@fido.com.br,http://www.fido.com.br/,SP,
Empresa,551636211594,jvdias@jvdias.com.br,http://www.jvdias.com.br/,SP,
Empresa,551232043930,marfex@marfex.com.br,http://www.marfex.com.br/,SP,
Empresa,551138262244,,http://www.miroconstrutora.com.br/,SP,
Empresa,5508009425151,ui@4.0,http://www.pereiraalvim.com.br/,SP,
Empresa,551137232050,contato@slconstrutora.com.br,http://www.slconstrutora.com.br/,SP,
Empresa,558469991522,,http://www.toledoferrari.com.br/,SP,
Empresa,552147483647,,http://www.uniforteam.com.br/,SP,
Aurora Construtora,551136232280,ajuda@aurora.com.br,http://www.aurora.com.br,MT,Cuiabá
Aliança Construtora,5513982212121,alianca@aliancaconstrutora.com.br,http://www.aliancaconstrutora.com.br,SP,Santos
Argos Construtora e Arquitetura Ltda,551934623674,aquiles@arquitetoaquiles.com.br,http://www.arquitetoaquiles.com.br,SP,Americana
Marca Construtora e Serviços Ltda.,5527988382291,atendimento.cliente@marcaambiental.com.br,http://www.marcaambiental.com.br,ES,Cariacica
BWB Construtora e Incorporadora Ltda,555432041220,atendimento@bwbincorporadora.com.br,http://www.bwbincorporadora.com.br,RS,Caxias do Sul
Construmoura Construtora Empreendimentos,551335055700,atendimento@construmoura.com.br,http://www.construmoura.com.br,SP,Mongaguá
Construtora Atrium,553135894000,atendimento@construtoraatrium.com.br,http://www.construtoraatrium.com.br,MG,Serra Del Rei
Construtora Fama,558134718288,atendimento@construtorafama.com.br,http://www.construtorafama.com.br,PE,Recife
Construtora e Urbanizadora Rech Ltda,555137113364,atendimento@construtorarech.com.br,http://www.construtorarech.com.br,RS,Santa Cruz do Sul
Construtora Mont Serrat,552134169001,atendimento@montserrat.com.br,http://www.montserrat.com.br,RJ,Rio de Janeiro
Comercial Construtora Prohidro,5515997408178,atendimento@prohidro.com,http://www.prohidro.com,SP,Sorocaba
Casas e Casas Construtora,5511939539064,atendimento@prtcasasconstrutora.com.br,http://www.casasecasasconstrutora.com.br,SP,Mogi das Cruzes
Construtora Baggio Silveira Ltda,554232252866,baggiosilveira@uol.com.br,http://www.baggiosilveira.com.br,PR,Ponta Grossa
Construtora E Incorporadora Leonel Ltda,554733450563,centraldevendas@cillconstrutora.com.br,http://www.cill.com.br,SC,Balneário Piçarras
Construtora E Incorporadora Leonel Ltda,554733450563,cill@cillconstrutora.com.br,http://www.cill.com.br,SC,Balneário Piçarras
Construtora Luiz Costa,558433189500,clc@clcconstrutora.com.br,http://www.clcconstrutora.com.br,RN,Mossoró
Combase Construtora,556734260100,combase@combasedourados.com.br,http://www.combasedourados.com.br,MS,Dourados
Construtora Arthur Silveira,5548999147600,comercial@arthursilveira.com.br,http://www.arthursilveira.com.br,SC,Florianópolis
Caf Construtora Comércio,551639426501,comercial@cafconstrutora.com.br,http://www.cafconstrutora.com.br,SP,Sertãozinho
Cativa Construtora e Incorporadora Ltda,554732461000,comercial@passe.com.br,http://www.passe.com.br,SC,Itajaí
CONEL CONSTRUTORA LTDA,553432368600,conel@conel.com.br,http://www.conel.com.br,MG,Uberlândia
Conepura Construtora Incorporadora,551239416810,conepura@conepura.com.br,http://www.conepura.com.br,SP,São José dos Campos
Conscam-construtora Campos Ltda,552230339709,conscam@conscam.com.br,http://www.conscam.com.br,RJ,Campos dos Goytacazes
Constilo Construtora,551932516786,constilo@constilo.com.br,http://www.constilo.com.br,SP,Campinas
Construlemes Construtora,551140321020,construlemesconstrutora@gmail.com,http://www.construlemes.com.br,SP,Bragança Paulista
Construtora Agmar Ltda,553133438000,construtora@agmar.com.br,http://www.agmar.com.br,MG,Belo Horizonte
Aires construtora,551126806726,construtora@airesimoveis.com.br,http://www.airesimoveis.com.br,SP,Praia Grande
Construtora Entre os Rios Ltda,552125953838,construtora@entreosrios.com.br,http://www.entreosrios.com.br,RJ,Rio de Janeiro
Construtora Guetter,554130277336,construtora@guetter.com.br,http://www.guetter.com.br,PR,Curitiba
Ademir Fresca Construtora Incorporadora,551236811380,contato@ademirfresca.com.br,http://www.ademirfresca.com.br,SP,Taubaté
Construtora Altti,553132865772,contato@altti.com.br,http://www.altti.com.br,MG,Belo Horizonte
Construtora Anastácio,5511942597234,contato@anastacio.com.br,http://www.anastacio.com.br,SP,Osasco
ARS Kammer Construtora,554733688954,contato@arskammer.com.br,http://www.arskammerconstrutora.com.br,SC,São João Batista
Construtora Arthur Silveira,5548999147600,contato@arthursilveira.com.br,http://www.arthursilveira.com.br,SC,Florianópolis
BWB Construtora e Incorporadora Ltda,555432041220,contato@bwbilha.com.br,http://www.bwbincorporadora.com.br,RS,Caxias do Sul
Concretizar Construtora Ltda,553134119398,contato@concretizarconstrutora.com.br,http://www.concretizarconstrutora.com.br,MG,Caiçara
Construtora Gotardo Ltda,554532266115,contato@construtoragotardo.com.br,http://www.construtoragotardo.com.br,PR,Cascavel
Construtora Madel Ltda,552136204004,contato@construtoramadel.com.br,http://www.construtoramadel.com.br,RJ,Niterói
Construtora Sucesso,5515592301375,contato@construtorasucesso.com.br,http://www.construtorasucesso.com.br,PI,Teresina
Elitim Construtora,558432342412,contato@elitim.com.br,http://www.elitim.com.br,RN,Natal
Construtora Guaraenge Ltda,554236243675,contato@guaraenge.com.br,http://www.guaraenge.com.br,PR,Guarapuava
Construtora Hahne Ltda,554733260677,contato@hahne.com.br,http://www.hahne.com.br,SC,Blumenau
CHC Construtora,554734252600,contato@hrcerta.com.br,http://www.hrcerta.com.br,SC,Joinville
Construtora São Benedito Plantão de Vendas,5565984040805,contato@marcosbiancardini.com.br,http://www.marcosbiancardini.com.br,MT,Centro
Construtora Mendonça Júnior,558432344017,contato@mendoncajunior.com.br,http://www.mendoncajunior.com.br,RN,Natal
Construtora RC BOTELHO,5521994231277,contato@rcbotelho.com.br,http://www.rcbotelho.com.br,RJ,Amendoeira
Construtora Reata,5558531058000,contato@reata.com.br,http://www.reata.com.br,CE,Fortaleza
Construtora Talismã,556332174060,contato@talismaconstrutora.com.br,http://www.talismaconstrutora.com.br,TO,Palmas
Construtora e Incorporadora Vincere,554133139950,contato@vincereincorporadora.com.br,http://www.vincereconstrutora.com.br,PR,Curitiba
Dellmoro Construtora,559137296260,contatos@dellmoro.com.br,http://www.dellmoro.com.br,PA,Paragominas
CPL-Construtora Pirâmide,5514582210023,cpl@construtorapiramide.com.br,http://www.construtorapiramide.com.br,PB,João Pessoa
Himalaia Construtora Ltda,5562999697532,csm@himalaia.net.br,http://www.himalaia.net.br,GO,Goiânia
Clave Construtora | Vivendas do Pirajá,555130616665,exemplo@meusite.com,http://www.clave.com.br,RS,Porto Alegre
Construtora Incorporadora J A Russi Ltda,554732617300,fachada@2x.png,http://www.jarussi.com.br,SC,Itapema
C O N A S A Construtora,554330253636,faleconosco@conasa.com,http://www.conasa.com.br,RJ,Rio de Janeiro
Signus Construtora,552732255444,fornecedores@signusconstrutora.com.br,http://www.signusconstrutora.com.br,ES,Vitória
FUNSOLOS CONSTRUTORA E ENGENHARIA LTDA,556536375900,funsolos.cuiaba@funsolos.com,http://www.funsolos.com.br,MS,Campo Grande
FUNSOLOS CONSTRUTORA E ENGENHARIA LTDA,556536375900,funsolos.matriz@funsolos.com,http://www.funsolos.com.br,MS,Campo Grande
FUNSOLOS CONSTRUTORA E ENGENHARIA LTDA,556536375900,funsolos.sorriso@funsolos.com.br,http://www.funsolos.com.br,MS,Campo Grande
Caf Construtora Comércio,551639426501,info@realestate.com,http://www.cafconstrutora.com.br,SP,Sertãozinho
Construtora Hahne Ltda,554733260677,lgpd@hahne.com.br,http://www.hahne.com.br,SC,Blumenau
CBC Construtora Base e Comércio.,552732509006,marcelo.dipre@cbcconstrutora.com.br,http://www.cbcconstrutora.com.br,ES,Carapina
Mazzini Gomes Construtora e Incorporadora Ltda,5502733571099,mazzini@mazzinigomes.com.br,http://www.mazzinigomes.com.br,ES,Vitória
Construmoura Construtora Empreendimentos,551335055700,mrjacad@gmail.com,http://www.construmoura.com.br,SP,Mongaguá
Construtora Talismã,556332174060,negocios@talismaconstrutora.com.br,http://www.talismaconstrutora.com.br,TO,Palmas
CPL-Construtora Pirâmide,5514582210023,piramide@construtorapiramide.com.br,http://www.construtorapiramide.com.br,PB,João Pessoa
CNA Construtora e Incorporadora Ltda.,5547992499232,relacionamento3@cnaconstrutora.com.br,http://www.cnaconstrutora.com.br,SC,Itapema
CNA Construtora e Incorporadora Ltda.,5547992499232,relacionamento4@cnaconstrutora.com.br,http://www.cnaconstrutora.com.br,SC,Itapema
CNA Construtora e Incorporadora Ltda.,5547992499232,relacionamento5@cnaconstrutora.com.br,http://www.cnaconstrutora.com.br,SC,Itapema
CNA Construtora e Incorporadora Ltda.,5547992499232,relacionamento@cnaconstrutora.com.br,http://www.cnaconstrutora.com.br,SC,Itapema
CONSTRUTORA ELDORADO LTDA,551563814684,rh02@eldorado.eng.br,http://www.construtoraeldorado.com.br,PE,Recife
Construtora Abapan,554532244843,ricardo@abapan.com.br,http://www.abapan.com.br,PR,Cascavel
CBC Construtora Base e Comércio.,552732509006,rodrigo@cbcconstrutora.com.br,http://www.cbcconstrutora.com.br,ES,Carapina
Construtora Certa,558432062999,sac@certaengenharia.com.br,http://www.construtoracerta.com.br,RN,Natal
Construtora Certa,558432062999,sac@construtoracerta.com.br,http://www.construtoracerta.com.br,RN,Natal
Construtora Fernandes Maciel,552126215600,sac@fernandesmaciel.com.br,http://www.fernandesmaciel.com.br,RJ,Niterói
Construtora Fontanive,554132621010,sac@fontanive.com.br,http://www.fontanive.com.br,PR,Curitiba
Construtora Saimel,5521971404058,saimel@saimel.com.br,http://www.saimel.com.br,RJ,Rio de Janeiro
Construtora Entre os Rios Ltda,552125953838,suprimentos@entreosrios.com.br,http://www.entreosrios.com.br,RJ,Rio de Janeiro
Construtora e Incorporadora JCL Ltda,5547997150150,tower@3x.png,http://www.jlc.com.br,SC,Itapema
Construtora Araújo Lima,5531984951360,vendas@araujolima.com,http://www.araujolima.com,MG,Belo Horizonte
Conepura Construtora Incorporadora,551239416810,vendas@conepura.com.br,http://www.conepura.com.br,SP,São José dos Campos
Construtora Dib e Dib,5551995755027,vendas@dibdib.com.br,http://www.dibdib.com.br,RS,Porto Alegre
Tuma Construtora e Incorporadora,5527992393968,vendas@tmaconstrutora.com.br,http://www.tmaconstrutora.com.br,ES,Vitória
CBC Construtora Base e Comércio.,552732509006,waldir@cbcconstrutora.com.br,http://www.cbcconstrutora.com.br,ES,Carapina
