nome,email,whatsapp,site,estado,cidade
Construmeg Incorporacoes E Servicos Ltda,ac.quintino@uol.com.br,,,SP,
Construtora Resolucao,adm@construtoraresolucao.com.br,,https://www.construtoraresolucao.com.br/,PR,
Engemater,administrativo@engemater.com.br,,,RJ,
Aurora Construtora,ajuda@aurora.com.br,551136232280; 551136232288; 5522780946076,http://www.aurora.com.br,MT,Cuiabá
Alfatech Construtora,alfatech@alfatechconstrutora.com.br,,http://www.alfatechconstrutora.com.br,SP,São Paulo
Aliança Construtora,alianca@aliancaconstrutora.com.br,5513982212121; 551332293255,http://www.aliancaconstrutora.com.br,SP,Santos
Empreiteira Araujo & Soares Ltda,andrea.alpha12@gmail.com,,,SP,
Antares Engenharia e Construcao,antares.engenhariaeconstrucao@gmail.com,,,RJ,
Argos Construtora e Arquitetura Ltda,aquiles@arquitetoaquiles.com.br,551934623674; 551934067173; 5519997661990,http://www.arquitetoaquiles.com.br,SP,Americana
Construtora Arce,arce@arce.com.br,,http://www.arce.com.br,PR,Curitiba
G.T.A. Construcoes,assessor.cont@superig.com.br,,,SP,
Marca Construtora e Serviços Ltda.,atendimento.cliente@marcaambiental.com.br,5527988382291; 5508008108099,http://www.marcaambiental.com.br,ES,Cariacica
BWB Construtora e Incorporadora Ltda,atendimento@bwbincorporadora.com.br,555432041220,http://www.bwbincorporadora.com.br,RS,Caxias do Sul
Construl,atendimento@construl.com,,https://www.construl.com/,RS,
Construmoura Construtora Empreendimentos,atendimento@construmoura.com.br,551335055700; 5513996400343,http://www.construmoura.com.br,SP,Mongaguá
Construtora Atrium,atendimento@construtoraatrium.com.br,553135894000,http://www.construtoraatrium.com.br,MG,Serra Del Rei
Construtora Fama,atendimento@construtorafama.com.br,558134718288; 551742285735; 551742285740,http://www.construtorafama.com.br,PE,Recife
Construtora e Urbanizadora Rech Ltda,atendimento@construtorarech.com.br,555137113364,http://www.construtorarech.com.br,RS,Santa Cruz do Sul
Construtora Santa Helena,atendimento@construtorasantahelena.com.br,,https://www.construtorasantahelena.com.br/contato/,PR,
Construtora Mont Serrat,atendimento@montserrat.com.br,552134169001,http://www.montserrat.com.br,RJ,Rio de Janeiro
Moraes Lopes,atendimento@moraeslopes.com.br,,,RJ,
Comercial Construtora Prohidro,atendimento@prohidro.com,5515997408178; 551533318484,http://www.prohidro.com,SP,Sorocaba
Casas e Casas Construtora,atendimento@prtcasasconstrutora.com.br,5511939539064; 551139077762; 551140040571,http://www.casasecasasconstrutora.com.br,SP,Mogi das Cruzes
CGL Construtora,ativo-1@4x-8.png,,http://www.cgl.com.br,PR,Curitiba
CGL Construtora,ativo-3@300x.png,,http://www.cgl.com.br,PR,Curitiba
Construtora Baggio Silveira Ltda,baggiosilveira@uol.com.br,554232252866,http://www.baggiosilveira.com.br,PR,Ponta Grossa
Consorcio Nova Genesis,cadastro@passarelli.com.br,,,SP,
Construtora Polo,carlos@construtorapolo.com.br,,,RJ,
Construtora E Incorporadora Leonel Ltda,centraldevendas@cillconstrutora.com.br,554733450563; 554733451196; 554733453523,http://www.cill.com.br,SC,Balneário Piçarras
Construtora E Incorporadora Leonel Ltda,cill@cillconstrutora.com.br,554733450563; 554733451196; 554733453523,http://www.cill.com.br,SC,Balneário Piçarras
Construtora Luiz Costa,clc@clcconstrutora.com.br,558433189500; 558481186465,http://www.clcconstrutora.com.br,RN,Mossoró
Combase Construtora,combase@combasedourados.com.br,556734260100; 551780929018; 5572924841359,http://www.combasedourados.com.br,MS,Dourados
Construtora Arthur Silveira,comercial@arthursilveira.com.br,5548999147600,http://www.arthursilveira.com.br,SC,Florianópolis
Caf Construtora Comércio,comercial@cafconstrutora.com.br,551639426501,http://www.cafconstrutora.com.br,SP,Sertãozinho
Grupo Avantti,comercial@grupoavantti.com,,https://www.grupoavantti.com/contato/,PR,
Cativa Construtora e Incorporadora Ltda,comercial@passe.com.br,554732461000,http://www.passe.com.br,SC,Itajaí
CONEL CONSTRUTORA LTDA,conel@conel.com.br,553432368600,http://www.conel.com.br,MG,Uberlândia
Conepura Construtora Incorporadora,conepura@conepura.com.br,551239416810; 551239416833,http://www.conepura.com.br,SP,São José dos Campos
Conscam-construtora Campos Ltda,conscam@conscam.com.br,552230339709; 5522999829821,http://www.conscam.com.br,RJ,Campos dos Goytacazes
Constilo Construtora,constilo@constilo.com.br,551932516786,http://www.constilo.com.br,SP,Campinas
Construlemes Construtora,construlemesconstrutora@gmail.com,551140321020; 5511999487929; 5511971373033,http://www.construlemes.com.br,SP,Bragança Paulista
Construtora Agmar Ltda,construtora@agmar.com.br,553133438000; 553196166520; 5531996166520,http://www.agmar.com.br,MG,Belo Horizonte
Aires construtora,construtora@airesimoveis.com.br,551126806726; 551334813100,http://www.airesimoveis.com.br,SP,Praia Grande
Correa Junior Construtora,construtora@correajunior.com.br,,,RJ,
Costamar,construtora@costamar.eng.br,,https://costamar.eng.br/,RS,
Construtora Entre os Rios Ltda,construtora@entreosrios.com.br,552125953838; 552125955959,http://www.entreosrios.com.br,RJ,Rio de Janeiro
Construtora Guetter,construtora@guetter.com.br,554130277336,http://www.guetter.com.br,PR,Curitiba
Construtora e Incorporadora Colúmbia,construtoracolumbia@proton.me,,http://www.ci-columbia.com.br,RS,Esteio
Construtora Santa Fe,construtorasantafeltda@gmail.com,,,RJ,
Ademir Fresca Construtora Incorporadora,contato@ademirfresca.com.br,551236811380,http://www.ademirfresca.com.br,SP,Taubaté
Construtora Altti,contato@altti.com.br,553132865772; 5531986848860,http://www.altti.com.br,MG,Belo Horizonte
Construtora Anastácio,contato@anastacio.com.br,5511942597234,http://www.anastacio.com.br,SP,Osasco
ARS Kammer Construtora,contato@arskammer.com.br,554733688954; 554733683576; 5548999681749,http://www.arskammerconstrutora.com.br,SC,São João Batista
Artesa Construtora,contato@artesa.eng.br,,https://www.artesaconstrutora.com.br/,PR,
Construtora Arthur Silveira,contato@arthursilveira.com.br,5548999147600,http://www.arthursilveira.com.br,SC,Florianópolis
Atenas Construtora,contato@atenasconstrutora.com.br,,https://atenasconstrutora.com.br/contato/,PR,
Central de Vendas Construtora Bastian e Lora,contato@bastianelora.com,,http://www.bastianelora.com,PR,Cascavel
BWB Construtora e Incorporadora Ltda,contato@bwbilha.com.br,555432041220,http://www.bwbincorporadora.com.br,RS,Caxias do Sul
Cima Construtora,contato@cimaconstrutora.com.br,,https://cimaconstrutora.com.br/contato/,MG,
Concretizar Construtora Ltda,contato@concretizarconstrutora.com.br,553134119398; 5531991752014,http://www.concretizarconstrutora.com.br,MG,Caiçara
Construtora Gotardo Ltda,contato@construtoragotardo.com.br,554532266115; 5545999818822,http://www.construtoragotardo.com.br,PR,Cascavel
Construtora Madel Ltda,contato@construtoramadel.com.br,552136204004; 552136205002; 552136205006,http://www.construtoramadel.com.br,RJ,Niterói
Construtora Sucesso,contato@construtorasucesso.com.br,5515592301375; 5527540102829; 5528763127875,http://www.construtorasucesso.com.br,PI,Teresina
Edge Construtora,contato@edgeconstrutora.com.br,,https://www.edgeconstrutora.com.br/contato,SP,
Elitim Construtora,contato@elitim.com.br,558432342412; 551780923948; 552812300476,http://www.elitim.com.br,RN,Natal
FADX Engenharia,contato@fadx.com.br,,,SP,
Forma e Reforma,contato@formaereforma.com,,,RJ,
Gouv Engenharia,contato@gouv.com.br,,https://www.gouv.com.br/,MG,
Construtora Santa Isabel,contato@gruposantaisabel.com.br,,https://www.csisabel.com.br/,RJ,
Construtora Guaraenge Ltda,contato@guaraenge.com.br,554236243675; 5542999388286,http://www.guaraenge.com.br,PR,Guarapuava
Construtora Hahne Ltda,contato@hahne.com.br,554733260677,http://www.hahne.com.br,SC,Blumenau
CHC Construtora,contato@hrcerta.com.br,554734252600,http://www.hrcerta.com.br,SC,Joinville
Construtora Celi,contato@ilbj.org.br,,http://www.celi.com.br,BA,Salvador
MA Industrial,contato@maindustrial.com.br,,,RJ,
Construtora São Benedito Plantão de Vendas,contato@marcosbiancardini.com.br,5565984040805; 5511912273741; 5512215055144,http://www.marcosbiancardini.com.br,MT,Centro
Construtora Mendonça Júnior,contato@mendoncajunior.com.br,558432344017; 5511984742255; 5513753517307,http://www.mendoncajunior.com.br,RN,Natal
MN Construtora,contato@mnconstrutora.com,,,RJ,
Construtora Monjardim Marques,contato@monjardimconstrucoes.com.br,,http://www.monjardimconstrucoes.com.br,RJ,Rio de Janeiro
MR Engenharia,contato@mrengenharia.com.br,,,SP,
MT Engenharia,contato@mtengenharia.com.br,,https://mtengenharia.com.br,PR,
Construtora RC BOTELHO,contato@rcbotelho.com.br,5521994231277,http://www.rcbotelho.com.br,RJ,Amendoeira
Construtora Reata,contato@reata.com.br,5558531058000; 5568219016285; 5571242423521,http://www.reata.com.br,CE,Fortaleza
RJ Engenharia,contato@rjengenharia.com,,https://www.rjengenharia.com/,RJ,
Construtora Talismã,contato@talismaconstrutora.com.br,556332174060; 556341012815; 551494352166,http://www.talismaconstrutora.com.br,TO,Palmas
Construtora e Incorporadora Vincere,contato@vincereincorporadora.com.br,554133139950,http://www.vincereconstrutora.com.br,PR,Curitiba
Mts Obras E Estandes Ltda,contatomts@outlook.com.br,,,SP,
Dellmoro Construtora,contatos@dellmoro.com.br,559137296260,http://www.dellmoro.com.br,PA,Paragominas
CPL-Construtora Pirâmide,cpl@construtorapiramide.com.br,5514582210023; 5514582213064; 5514582221016,http://www.construtorapiramide.com.br,PB,João Pessoa
Himalaia Construtora Ltda,csm@himalaia.net.br,5562999697532; 5514285714286; 551724956028,http://www.himalaia.net.br,GO,Goiânia
Duo Construtora,duoconstrutora@duoconstrutora.com.br,,https://duoconstrutora.com.br/contato/,RJ,
Eliger Construtora,eliger@eliger.com.br,,https://www.eliger.com.br/contato/,MG,
Construtora e Incorporadora Colúmbia,engenharia@cicolumbia.com.br,,http://www.ci-columbia.com.br,RS,Esteio
Estrutural EC,estruturalengenharia@estruturalec.com.br,,https://estruturalec.com.br/contato,MG,
Reveste Construcoes Ltda,etecsp@terra.com.br,,,SP,
Clave Construtora | Vivendas do Pirajá,exemplo@meusite.com,555130616665; 5551998816665; 5550911091920,http://www.clave.com.br,RS,Porto Alegre
Construtora Incorporadora J A Russi Ltda,fachada@2x.png,554732617300; 5547999732295; 5547997030135,http://www.jarussi.com.br,SC,Itapema
Construtora Giacomazzi,falecom@giacomazzi.com.br,,http://www.giacomazzi.com.br,PR,Curitiba
C O N A S A Construtora,faleconosco@conasa.com,554330253636,http://www.conasa.com.br,RJ,Rio de Janeiro
Paifer,felcon@bol.com.br,,,SP,
Construtora e Incorporadora Dalposso,financeiro@dalposso.com.br,,http://www.dalposso.com.br,RS,Tapejara
Maciele Melo,financeiro@macielemelo.com.br,,,RJ,
Signus Construtora,fornecedores@signusconstrutora.com.br,552732255444,http://www.signusconstrutora.com.br,ES,Vitória
FUNSOLOS CONSTRUTORA E ENGENHARIA LTDA,funsolos.cuiaba@funsolos.com,556536375900; 556635449292; 551774547968,http://www.funsolos.com.br,MS,Campo Grande
FUNSOLOS CONSTRUTORA E ENGENHARIA LTDA,funsolos.matriz@funsolos.com,556536375900; 556635449292; 551774547968,http://www.funsolos.com.br,MS,Campo Grande
FUNSOLOS CONSTRUTORA E ENGENHARIA LTDA,funsolos.sorriso@funsolos.com.br,556536375900; 556635449292; 551774547968,http://www.funsolos.com.br,MS,Campo Grande
Construtora Arce,geral@arce.com.br,,http://www.arce.com.br,PR,Curitiba
Construtora e Incorporadora Dalposso,gisela@dalposso.com.br,,http://www.dalposso.com.br,RS,Tapejara
Consorcio De Urbanizacao Embu Das Artes,helio.sciascia@curb.com.br,,,SP,
IEL SUL Fluminense,ielsulf@ielsulf.com.br,,,RJ,
Caf Construtora Comércio,info@realestate.com,551639426501,http://www.cafconstrutora.com.br,SP,Sertãozinho
Construtora J Gomes,jgomes@wnet.com.br,,http://www.construtorajgomes.com.br,PR,Maringá
KVG Engenharia,kvg@kvgengenharia.com.br,,,RJ,
Citrino Engenharia,leila.roner@citrinoengenharia.com.br,,,RJ,
Construtora Hahne Ltda,lgpd@hahne.com.br,554733260677,http://www.hahne.com.br,SC,Blumenau
Lytorânea,lytoranea@lytoranea.com.br,,https://www.lytoranea.com.br/contato,RJ,
CBC Construtora Base e Comércio.,marcelo.dipre@cbcconstrutora.com.br,552732509006; 552732280100,http://www.cbcconstrutora.com.br,ES,Carapina
Construtora J Gomes,marcelo.fgomes@live.com,,http://www.construtorajgomes.com.br,PR,Maringá
MS Projetos,marcelo.seabra@msprojetos.ind.br,,,RJ,
Mazzini Gomes Construtora e Incorporadora Ltda,mazzini@mazzinigomes.com.br,5502733571099; 552733571099,http://www.mazzinigomes.com.br,ES,Vitória
Construmoura Construtora Empreendimentos,mrjacad@gmail.com,551335055700; 5513996400343,http://www.construmoura.com.br,SP,Mongaguá
Construtora Talismã,negocios@talismaconstrutora.com.br,556332174060; 556341012815; 551494352166,http://www.talismaconstrutora.com.br,TO,Palmas
Grupo Biotec,nicolau.barbosa@grupobiotec.com.br,,,RJ,
Max Construcoes E Reformas Ltda,nilson@maxconstrucoes.com.br,,,SP,
NPI Engenharia,npi@npiengenharia.com.br,,,RJ,
Farisco Empreiteira Ltda,operacional@amfprofissionais.com,,,SP,
Comim Construtora,ouvidoria@comimconstrutora.com.br,,https://comimconstrutora.com.br/,MG,
Construtora Altar,paulo@construtoraaltar.com.br,,https://www.construtoraaltar.com.br/,PR,
CPL-Construtora Pirâmide,piramide@construtorapiramide.com.br,5514582210023; 5514582213064; 5514582221016,http://www.construtorapiramide.com.br,PB,João Pessoa
Construtora e Incorporadora Dalposso,projetos@dalposso.com.br,,http://www.dalposso.com.br,RS,Tapejara
Antonio Luis Puglia Ltda.,puglia@pumapmp.com.br,,,SP,
CNA Construtora e Incorporadora Ltda.,relacionamento3@cnaconstrutora.com.br,5547992499232; 5547992354715; 5547988474642,http://www.cnaconstrutora.com.br,SC,Itapema
CNA Construtora e Incorporadora Ltda.,relacionamento4@cnaconstrutora.com.br,5547992499232; 5547992354715; 5547988474642,http://www.cnaconstrutora.com.br,SC,Itapema
CNA Construtora e Incorporadora Ltda.,relacionamento5@cnaconstrutora.com.br,5547992499232; 5547992354715; 5547988474642,http://www.cnaconstrutora.com.br,SC,Itapema
CNA Construtora e Incorporadora Ltda.,relacionamento@cnaconstrutora.com.br,5547992499232; 5547992354715; 5547988474642,http://www.cnaconstrutora.com.br,SC,Itapema
CONSTRUTORA ELDORADO LTDA,rh02@eldorado.eng.br,551563814684; 551780782783; 5526277211348,http://www.construtoraeldorado.com.br,PE,Recife
Construtora e Incorporadora Dalposso,rh@dalposso.com.br,,http://www.dalposso.com.br,RS,Tapejara
Construtora Abapan,ricardo@abapan.com.br,554532244843,http://www.abapan.com.br,PR,Cascavel
Riosul Construcoes,riosul@riosulconstrucoes.com.br,,,RJ,
CBC Construtora Base e Comércio.,rodrigo@cbcconstrutora.com.br,552732509006; 552732280100,http://www.cbcconstrutora.com.br,ES,Carapina
Consorcio Contracta - Telar,rubens@khortywhite.com.br,,,SP,
Construtora Certa,sac@certaengenharia.com.br,558432062999; 5584124423639,http://www.construtoracerta.com.br,RN,Natal
Construtora Certa,sac@construtoracerta.com.br,558432062999; 5584124423639,http://www.construtoracerta.com.br,RN,Natal
Construtora Fernandes Maciel,sac@fernandesmaciel.com.br,552126215600; 552126133752; 552136200101,http://www.fernandesmaciel.com.br,RJ,Niterói
Construtora Fontanive,sac@fontanive.com.br,554132621010,http://www.fontanive.com.br,PR,Curitiba
Construtora Saimel,saimel@saimel.com.br,5521971404058; 552125766792,http://www.saimel.com.br,RJ,Rio de Janeiro
Storm Geo Engenharia,samuel@stormgeoengenharia.com.br,,,RJ,
Sinduscon-SF (Sul Fluminense),sec@aceplanvr.com.br,,http://www.sinduscon-sf.org.br,RJ,
Singular Arquitetura,singular@singulararquitetura.com.br,,,RJ,
Aracon Construcao E Comercio Ltda,societario@ocm7.com.br,,,SP,
Construtora Entre os Rios Ltda,suprimentos@entreosrios.com.br,552125953838; 552125955959,http://www.entreosrios.com.br,RJ,Rio de Janeiro
Grupo Aceplan,tayanerodrigues@grupoaceplan.com.br,,,RJ,
Construtora Terraco,terraco@construtoraterraco.com.br,,https://construtoraterraco.com.br/contato/,MG,
Construtora e Incorporadora JCL Ltda,tower@3x.png,5547997150150,http://www.jlc.com.br,SC,Itapema
Construtora Araújo Lima,vendas@araujolima.com,5531984951360; 553133036700,http://www.araujolima.com,MG,Belo Horizonte
Construtora e Incorporadora Colúmbia,vendas@cicolumbia.com.br,,http://www.ci-columbia.com.br,RS,Esteio
Conepura Construtora Incorporadora,vendas@conepura.com.br,551239416810; 551239416833,http://www.conepura.com.br,SP,São José dos Campos
Construtora e Incorporadora Dalposso,vendas@dalposso.com.br,,http://www.dalposso.com.br,RS,Tapejara
Construtora Dib e Dib,vendas@dibdib.com.br,5551995755027,http://www.dibdib.com.br,RS,Porto Alegre
Tuma Construtora e Incorporadora,vendas@tmaconstrutora.com.br,5527992393968; 552733141491; 552733141177,http://www.tmaconstrutora.com.br,ES,Vitória
CBC Construtora Base e Comércio.,waldir@cbcconstrutora.com.br,552732509006; 552732280100,http://www.cbcconstrutora.com.br,ES,Carapina
