nome,telefone,email,site,estado,cidade
,71 4111-2333,,construtorabauhaus.com.br,BA,
,75 3281-3645,atendimento@coinpe.com.br,coinpe.com.br,BA,
,71 3243-0913,contato@barcinoesteve.com.br,barcinoesteve.com.br,BA,
,79 3216-5000,relacionamento@celi.com.br,celi.com.br,BA,
,71 3336-2286,hugo.planejamento@espacor2.com.br,espacor2.com.br,BA,
,71 3367-9949,farol.construcao@gmail.com,construtorafarol.com.br,BA,
,71 3507-2555,,cflconstrutora.com.br,BA,
,71 3450-3674,contato@construtoramodulo.com.br,construtoramodulo.com.br,BA,
,71 3344-2005,,construtoralink.com.br,BA,
,71 3306-7131,cnm@construtoranm.com.br,construtoranm.com.br,BA,
,73 3288-1545,,construtoraouteiro.com.br,BA,
,71 3245-8488,construtorapablo@construtorapablo.com.br,construtorapablo.com.br,BA,
,71 3355-6666,,costaandrade.com.br,BA,
,71 3082-3082,contato@cplconstrutora.com.br,cplconstrutora.com.br,BA,
,71 3362-3393,ctl-ssa@uol.com.br,ctlssa.com.br,BA,
,71 3594-2250,dipawa@dipawa.com.br,dipawa.com.br,BA,
,71 3328-4444,falcao@falcaoconstrutora.com.br,falcaoconstrutora.com.br,BA,
,71 3272-2377,,mvsconstrutora.com.br,BA,
,(85) 3251-1414,,http://www.acopi.com.br/,CE,
,(85) 3264-9272,,http://www.bm.eng.br/,CE,
,(85) 4008-6969,,http://www.carneirodemelo.com.br/,CE,
,(85) 3224-4576,,http://www.coigma.com.br/,CE,
,(85) 3288-6600,receber@colmeia.com.br,http://www.colmeia.com.br/,CE,
,(85) 3260-4006,atendimento@construtoradube.com.br,http://www.construtoradube.com.br/,CE,
,(85) 3077-7800,exata@exataconstrutora.com.br,http://www.exataconstrutora.com.br/,CE,
,(85) 3267-7288,elos@construtoraelos.com.br,http://www.construtoraelos.com/,CE,
,(85) 3472-1674,engenharia@construtoraengeterra.com,http://www.construtoraengeterra.com/,CE,
,(85) 3133-4058,,http://www.jsimoes.com.br/,CE,
,(85) 3252-2081,,http://www.construtoramontenegro.com.br/,CE,
,(11) 3037-8400,sac@passarelli.com.br,http://www.passarelli.com.br/,CE,
,(85) 3105-8000,,http://www.reata.com.br/,CE,
,(85) 3474-1788,contato@construtorasamaria.com.br,http://www.construtorasamaria.com.br/,CE,
,(85) 3271-2354,jorge@construtoratriade.com.br,http://www.construtoratriade.com.br/,CE,
,(88) 8802-0746,crc.jua@crcoelho.com.br,http://www.crcoelho.com.br/,CE,
,(85) 3273-5244,,http://www.morefacil.com.br/,CE,
,(11) 3708-1010,relacionamento@tecnisa.com.br,http://www.tecnisa.com.br/,DF,
,(27) 3225-2411,vendas@agataconstrutora.com.br,http://www.agataconstrutora.com.br/,ES,
,(27) 3389-6009,,http://www.barbosabarros.com.br/,ES,
,(27) 3325-3544,abaurre@abaurre.com.br,http://www.abaurre.com.br/,ES,
,(27) 3721-4444,,http://www.construtoraarpa.com.br/,ES,
,(27) 3201-6999,,http://www.construtoracapitania.com.br/,ES,
,(27) 99583-4432,contato@construtoraepura.com,http://www.construtoraepura.com/,ES,
,(27) 3721-6561,construtorapj@construtorapj.com.br,http://www.construtorapj.com.br/,ES,
,(27) 3205-7200,relacionamento@sacavalcante.com.br,http://www.sacavalcante.com.br/,ES,
,(27) 3262-5668,contato@smconstrutora.com.br,http://www.smconstrutora.com.br/,ES,
,(27) 3325-6565,,http://www.vigaconstrutora.com.br/,ES,
,(27) 3315-7145,,http://www.francavilla.com.br/,ES,
,(27) 3200-4004,,http://www.galwan.com.br/,ES,
,(27) 3077-1414,contato@javeconstrutora.com.br,http://www.javeconstrutora.com.br/,ES,
,(27) 2123-7700,marcaambiental@marcaambiental.com.br,http://www.marcaambiental.com.br/,ES,
,(27) 3357-1099,contato@mazzinigomes.com.br,http://www.mazzinigomes.com.br/,ES,
,(27) 3314-1500,atendimento@morar.com.br,http://www.morar.com/,ES,
,(31) 3225-1466,,http://www.sfranco.com.br/,ES,
,(27) 3225-5444,engenharia@signusconstrutora.com.br,http://www.signusconstrutora.com.br/,ES,
,(27) 3314-1491,contato@tmaconstrutora.com.br,http://www.tmaconstrutora.com.br/,ES,
,(27) 3361-0050,vargas@vargasconstrutora.com.br,http://www.vargasconstrutora.com.br/,ES,
,(62) 3091-2131,contato@abacoconstrutora.com.br,http://www.abacoconstrutora.com.br/,GO,
,(62) 3931-0057,contato@calengenharia.com.br,http://www.calengenharia.com.br/,GO,
,(62) 99991-4659,dho@consciente.com.br,http://www.conscienteconstrutora.com.br/,GO,
,(62) 3311-1000,contato@construinvest.com.br,http://www.construinvest.com.br/,GO,
,(62) 3920-5100,contato@aguasantaconstrutora.com.br,http://www.aguasantaconstrutora.com.br/,GO,
,(62) 3281-0108,gerencia@construtoracampos.com.br,http://www.construtoracampos.com.br/,GO,
,(62) 3546-9000,po@ccbconstrutora.com.br,http://www.ccbconstrutora.com.br/,GO,
,(62) 3157-0267,recepcao@merzian.com.br,http://www.merzian.com.br/,GO,
,(62) 3216-4272,cmocomvoce@cmoconstrutora.com.br,http://www.cmoconstrutora.com.br/,GO,
,(62) 3945-2444,sac@romanobarbosa.com.br,http://www.romanobarbosa.com.br/,GO,
,(62) 3092-6852,contato@construtoraserragrande.com.br,http://www.construtoraserragrande.com.br/,GO,
,(99) 3015-0101,contato@engefortconstrutora.com.br,http://www.engefortnet.com.br/,GO,
,(62) 3991-6113,contato@grupoepoca.com,http://www.epocaconstrutora.com.br/,GO,
,(62) 3412-2200,ouvidoria@consorciogovesa.com.br,http://www.govesa.ind.br/,GO,
,(62) 99969-7532,contato@himalaia.net.br,http://www.himalaia.net.br/,GO,
,(62) 4006-2600,innovar@innovarconstrutora.com.br,http://www.innovarconstrutora.com.br/,GO,
,(62) 3626-5254,adm@jl2engenharia.com.br,http://www.jl2construtora.com.br/,GO,
,(62) 3703-0510,contato@lugasa.com.br,http://www.lugasa.com.br/,GO,
,(62) 3594-6005,engenharia@mpaconstrutora.com.br,http://www.mpaconstrutora.com.br/,GO,
,(62) 99844-4009,atendimento@rodriguesdacunha.com.br,http://www.rodriguesdacunha.com.br/,GO,
,(62) 3932-5532,,http://www.teccril.com.br/,GO,
,(62) 98160-0202,,http://www.tripoliconstrutora.com.br/,GO,
,(31) 3286-2493,,http://www.bmgconstrutora.com.br/,Belo Horizonte,
,(31) 4009-7000,,http://www.caparao.com.br/,Belo Horizonte,
,(31) 3222-4295,casagrande@construtoracasagrande.com.br,http://www.construtoracasagrande.com.br/,Belo Horizonte,
,(31) 3078-8600; (31) 3078-8688,,http://www.construtoracastor.com.br/,Belo Horizonte,
,(38) 3222-5434; (38) 3214-1044,contato@connage.com.br,http://www.connage.com.br/,Montes Claros,
,(31) 3274-6229; (31) 3274-6231,,http://www.cunharibeiro.com.br/,Belo Horizonte,
,(31) 3234-2362,,http://www.construtoradh.com.br/,Belo Horizonte,
,(31) 3324-9733,comercial@dinizcamargos.com.br,http://www.dinizcamargos.com.br/,Belo Horizonte,
,(38) 3054-7327,grupoparaopeba@grupoparaopeba.com.br,http://www.grupoparaopeba.com.br/,Itabirito,
,(31) 3852-4660; (31) 3852-3102,licitacao@ferreirajunior.eng.br,http://www.ferreirajunior.eng.br/,João Monlevade,
,(31) 3295-0105,,http://www.jcampara.com.br/,Belo Horizonte,
,(31) 99978-3506; (31) 3245-0859,jcarvalho@construtorajcarvalho.com,http://www.construtorajcarvalho.com/,Belo Horizonte,
,(31) 3273-8048,reformas@construtorajatoclean.com.br,http://www.construtorajatoclean.com.br/,Belo Horizonte,
,(31) 3499-1900,marins@construtoramarins.com.br,http://www.construtoramarins.com.br/,Belo Horizonte,
,(31) 97575-5536; (31) 2513-7550,marka.serv@outlook.com; comercial@markaservicos.com.br,http://www.construtoramarka.com.br/,Belo Horizonte,
,(31) 3396-5185,,http://www.construtoramilionario.com.br/,Contagem,
,(31) 3241-1030,,http://www.cmcsa.com.br/,Belo Horizonte,
,(32) 98457-2792; (32) 3236-1976,ariapubmkt@gmail.com,http://www.construtoranortesul.com.br/,Juiz de Fora,
,(37) 3221-5868,,http://www.oliveirasouki.com.br/,Divinópolis,
,(37) 3221-8332,,http://www.construtorapardini.com.br/,Divinópolis,
,(31) 3469-3000,sac@construtoraplano.com.br; contato@construtoraplano.com.br,http://www.construtoraplano.com.br/,Belo Horizonte,
,(31) 3571-1155; (38) 9290-3293,pontal@construtorapontal.com.br,http://www.construtorapontal.com.br/,Brumadinho,
,(31) 3852-3234; (31) 3852-5559; (31) 99595-3235; (31) 99910-6973,pontesdeminas@construtorapontesdeminas.com.br; compras@construtorapontesdeminas.com.br; rh@construtorapontesdeminas.com.br,http://www.grupopontesbrasil.com.br/,João Monlevade,
,(31) 3848-1770,vendas@construtorapremier.com.br,http://www.construtorapremier.com.br/,Timóteo,
,(31) 2555-0223,marialuiza@construtoraqbhz.com.br,http://www.construtoraqbhz.com.br/,Belo Horizonte,
,(31) 3024-3482,cqualidade@globo.com,http://www.construtoraqualidade.com.br/,Belo Horizonte,
,(31) 3364-7000; (17) 4225-1949; (17) 4225-1943,,http://www.construtorasaba.com.br/,MG,
,(31) 2125-2563; (16) 6248-6163; (16) 5712-9643,comercial@gruposantanna.com.br,http://www.construtorasantanna.com.br/,MG,
,(31) 99587-9897; (17) 8077-4502,contato@morrograndeconstrutora.com.br,http://www.morrograndeconstrutora.com.br/,MG,
,(31) 3371-1616; (17) 8062-2084; (17) 4226-0502,,http://www.segenco.com.br/,MG,
,(31) 99955-5958; (31) 2566-5505; (37) 39122-0594,,http://www.construtorasudoeste.com.br/,MG,
,(31) 3484-5443; (31) 3432-0076; (51) 93113-4681,unenco@unenco.com.br,http://www.unenco.com.br/,MG,
,(31) 98319-4757; (45) 58416-1026; (45) 58416-0986,uni@somosauni.com.br,http://www.construtorauni.com.br/,MG,
,(31) 3839-1900; (17) 8058-9390; (17) 8058-9536,contato@cvvsa.com.br,http://www.construtoravaleverde.com.br/,MG,
,(17) 2384-5056; (17) 3090-8448; (11) 75644-1605,,http://www.valleribeiro.com.br/,MG,
,(21) 4748-3647; (91) 6666-6667; (66) 6666-6667,,http://www.construtoravig.com.br/,MG,
,(32) 3215-3022; (53) 29905-3022; (17) 4286-5628,,http://www.waomar.com.br/,MG,
,(31) 3221-1366; (31) 3825-6080; (31) 3801-1550,,http://www.convaco.com.br/,MG,
,(31) 3241-2103; (17) 8073-9908; (17) 4826-3495,contato@grupocros.com.br,http://www.crosltda.com.br/,MG,
,(31) 3491-3332,,http://www.ebate.com.br/,MG,
,(17) 8061-2451; (17) 8061-1059; (17) 8076-0955,efconstrutora2022@gmail.com,http://www.efconstrutora.com.br/,MG,
,(31) 99609-1982; (17) 8043-2489; (17) 8077-4597,,http://www.engetecno.com.br/,MG,
,(93) 40999-9996; (64) 50000-0004; (49) 96736-8907,,http://www.even.com.br/,MG,
,(34) 3224-0562,vendas@futuraconstrutora.com,http://www.futuraconstrutora.com/,MG,
,(31) 21495-1497; (18) 9945-2064; (18) 4046-1329,garcapocos@garcapocos.com.br,http://www.garcapocos.com.br/,MG,
,(19) 90977-4601; (19) 90976-0589,,http://www.horizonteconstrutora.com.br/,MG,
,(35) 98855-6714; (35) 3471-2146; (17) 8072-2069,contato@jcostaconstrutora.com.br,http://www.jcostaconstrutora.com.br/,MG,
,(35) 98858-0019; (44) 58283-9943; (17) 8076-5498,,http://www.jlr.com.br/,MG,
,(31) 3378-4554; (31) 3225-2111; (31) 99631-4282,,http://www.mcfconstrutora.com.br/,MG,
,(31) 3824-6666,,http://www.montbrosconstrutora.com.br/,MG,
,(81) 86415-4728; (53) 20055-2863; (61) 94729-7406,vendas@privilegeconstrutora.com.br,http://www.privilegeconstrutora.com.br/,MG,
,(34) 3338-0037; (34) 98407-6994; (17) 7859-2558,contato@thifeconstrutora.com.br,http://www.thifeconstrutora.com.br/,MG,
,(31) 98451-9004; (31) 3332-8011,,http://www.trenaconstrutora.com.br/,MG,
,(34) 98803-4272; (17) 4223-1546; (17) 4223-1547,,http://www.varconstrutora.com.br/,MG,
,(81) 3432-6966,,http://www.almeidacamargo.eng.br/,PE,
,(81) 3251-4210,,http://www.ca3construtora.com.br/,PE,
,(81) 99218-1712,cnc@castronevesconstrutora.com.br,http://www.castronevesconstrutora.com.br/,PE,
,(81) 3242-4488,col.engenharia@gmail.com,http://www.colengenharia.com.br/,PE,
,(81) 3465-8033,conlar@conlar.com,http://www.conlarconstrutora.com.br/,PE,
,(81) 3366-1155,,http://www.accruz.com.br/,PE,
,(81) 3226-3856,sac@baptistaleal.com.br,http://www.baptistaleal.com.br/,PE,
,(81) 3228-5555,carajas@construtoracarajas.com.br,http://www.construtoracarajas.com.br/,PE,
,(81) 3231-1703,,http://www.carrilho.com.br/,PE,
,(81) 3327-1953,rh@construtoracasaalta.com.br,http://www.construtoracasaalta.com.br/,PE,
,(81) 3073-0700,viviane@construtoradallas.com.br,http://www.construtoradallas.com.br/,PE,
,(81) 3445-2090,,http://www.correiaepeixoto.com.br/,PE,
,(81) 3423-5788,nassau@nassauflex.com.br,http://www.nassauflex.com.br/,PE,
,(81) 3341-5589,,http://www.construtoraeldorado.com.br/,PE,
,(81) 3471-8288,cfama@elogica.com.br,http://www.construtorafama.com.br/,PE,
,(81) 3493-0806,,http://www.construtoraholanda.com.br/,PE,
,(81) 3423-5006,construtora@machadoguimaraes.com.br,http://www.machadoguimaraes.com.br/,PE,
,(81) 3038-7300,ribeirolopes@outlook.com,http://www.ribeirolopes.com.br/,PE,
,(81) 3466-1485,atendimento@construtorasantoantonio.com.br,http://www.construtorasantoantonio.com.br/,PE,
,(87) 3866-8900,,http://www.grupovenancio.com.br/,PE,
,(44)3263-7873,aleports@hotmail.com,http://www.aguiconstrutora.com.br/,PR,
,(49) 99912-7972,orcamento@amagoconstrutora.com.br,http://www.amagoconstrutora.com.br/,PR,
,(21) 2593-4015,atual.construtora@bol.com.br,http://www.atualconstrutora.com.br/,PR,
,(41) 98861-0590,,http://www.cardosoconstrutora.com.br/,PR,
,(17) 98126-0710,,http://www.construtorauniao.com.br/,PR,
,1875014570 | 1875114570,,http://www.joharc.com.br/,PR,
,(41) 3382-2449 | 11778172276,,http://www.juncao.ind.br/,PR,
,1780775279 | 1780775282,contato@construtorajust.com.br | maska@1.5.0 | swiper@6.7.0,http://www.construtorajust.com.br/,PR,
,(42) 3028-6339 | (42) 98405-5441,contato@laar.com.br,http://www.construtoralaar.com.br/,PR,
,4132591800 | 55419918829,,http://www.construtoralaguna.com.br/,PR,
,(44) 3224-1778 | 01010110796,contato@marluc.com.br | welinton@marluc.com.br | wght@100..1000,http://www.marluc.com.br/,PR,
,(41) 2018-5400 | 06766854612,,http://www.monteazul.eng.br/,PR,
,(41) 3027-8351 | 16529813495,,http://www.construtoraparati.com.br/,PR,
,(41) 99954-4537 | 00000000000,core-js-bundle@3.2.1 | focus-within-polyfill@5.0.9 | intl-segmenter@11.7.10,http://www.construtorapatrao.com.br/,PR,
,68085947808,bootstrap@5.2.2,http://www.amarelasinternet.com/,PR,
,(45) 3322-1421 | 45 98405-1511,bootstrap@5.1.2 | contato@rodenge.eng.br | fancybox@3.5.7,http://www.rodenge.eng.br/,PR,
,(41) 3282-4176 | (41) 3423-6565,comercial@serradaprata.com.br,http://www.serradaprata.com.br/,PR,
,(41) 3075-6295 | 00023225876,atendimento@construtorastrobel.com.br | core-js-bundle@3.2.1 | focus-within-polyfill@5.0.9,http://www.construtorastrobel.com.br/,PR,
,41 3284-1009 | 41 3284-1212,construtorasustentare@construtorasustentare.com.br,http://www.construtorasustentare.com.br/,PR,
,(45) 3223-2586 | (45)99220034,,http://www.construtoraviverbem.com.br/,PR,
,(45) 3264-1526 | 15092022120,sac@construtorazanela.com.br,http://www.construtorazanella.com.br/,PR,
,(41) 3339-0718 | 11 5535-7314,dang@dangconstrutora.com.br,http://www.dangconstrutora.com.br/,PR,
,(41) 3037-2303 | 1001136450,contato@construtoragenova.com.br | rh@construtoragenova.com.br | suprimentos@construtoragenova.com.br,http://www.construtoragenova.com.br/,PR,
,(41) 99707-5000 | 15814492521,maxima@construtoramaxima.com.br,http://www.hagaconstrutora.com.br/,PR,
,(41) 3273-1212 | (41) 99800-3338,contato@ksnconstrutora.com.br,http://www.ksnconstrutora.com.br/,PR,
,(41) 99993-4601 | 14192680586,contato@sconntec.com.br | otavio@sconntec.com.br,http://www.sconntec.com/,PR,
,(41) 3376-2058 | (41) 97400-7656,engenharia@thalassa.com.br,http://www.thalassa.com.br/,PR,
,(51) 99464-1092,,http://www.albarus.com.br/,RJ,
,(81) 3322-7157,contato@azevedocastro.com.br,http://www.azevedocastro.com.br/,RJ,
,(21) 97184-8259,contato@doisl.com.br,http://www.doisl.com.br/,RJ,
,(27) 99947-8233; (27) 99312-7531; (27) 98889-5878; (27) 99578-0500,contato@dr.eng.br; rh@dr.eng.br; administrativo@dr.eng.br,http://www.drconstrutora.com.br/,RJ,
,(21) 2532-1371; (21) 2532-3171; (21) 3079-9311,,http://www.construtorazermatt.com.br/,RJ,
,(21) 2437-9882,,http://www.gtbimobiliaria.com.br/,RJ,
,(21) 97154-9816; (21) 2490-0400,contato@grupomartinelli.com.br,http://www.grupomartinelli.com.br/,RJ,
,(24) 3383-0822; (24) 99268-1798,contato@mgfsul.com.br,http://www.mgfsul.com.br/,RJ,
,(21) 2521-7235; (21) 2267-8351,,http://www.osborne.com.br/,RJ,
,(21) 2138-8021,,http://www.premio.com.br/,RJ,
,+55 (21) 2443-5040; (21) 98052-8542,,http://www.tiroch.com.br/,RJ,
,(11)44321305,,http://www.alconstrutora.com.br/,RS,
,(51) 3247-3030,edisul@edisul.com.br,http://www.edisul.com.br/,RS,
,(51) 3471-1616; 51 99622-2661,comercial@engemold.com.br,http://www.engemold.com.br/,RS,
,(54) 3313-1763; (54) 3313-4671,,http://www.gobbiengenharia.com.br/,RS,
,(51) 3268-3733; (51) 3268-9822; (51) 99387-7481; (51) 99833-7280,contato@cminosso.com.br,http://www.cminosso.com.br/,RS,
,(51)3332-2700; (53)3223-1955; (53)98121-4524; (53)99947-2391; (53)99996-4359; 053 99172-1533; 053 99704-7047,rh@pelotense.com.br,http://www.pelotense.com.br/,RS,
,(54) 3331-2756,sengerconstrutora@gmail.com,http://www.construtorasenger.com.br/,RS,
,(51) 3214-1200; (51) 98888-8888,sultepa@sultepa.com.br,http://www.sultepa.com.br/,RS,
,11 5643-0100; 51 3327-0700,comercial@htb.eng.br; htb@htb.eng.br,http://www.tedesco.com.br/,RS,
,51 99622-8113,edilsonimojel@gmail.com; gustavolimalves@hotmail.com; plantao@imojel.com.br; vendas@imojel.com.br,http://www.imojel.com.br/,RS,
,54 99661-3427,scorsatto@scorsattoempreendimentos.com.br,http://www.scorsattoempreendimentos.com.br/,RS,
,(54) 99188-6502,construtora.pegoraro@gmail.com,http://www.construtorapegoraro.com.br/,RS,
,(53) 99132-6017,,http://www.robertoferreira.com.br/,RS,
,(51) 3562-4694; (51) 3562-5265; (51) 98683-3324; (51) 99955-8643,gabrielrumocerto@gmail.com; gerencia@rumocerto-rs.com.br,http://www.rumocerto-rs.com.br/,RS,
,(53) 3222-7022; (53)99158-1992,aproximacaozabaleta@gmail.com,http://www.zabaleta.com.br/,RS,
,(47) 99983-7433,comercial@abdoconstrutora.com.br,www.abdoconstrutora.com.br,SC,
,(48) 3259-7792,,www.ajms.com.br,SC,
,(48) 3224-1415 / (48) 3024-8010,,www.alamoconstrutora.com.br,SC,
,(47) 3347-2403,,www.almconstrutora.com.br,SC,
,(41) 3320-8900 (matriz PR),,www.tha.com.br,SC,
,(47) 3653-8207,financeiro@arskammer.com.br,www.arskammerconstrutora.com.br,SC,
,(47) 99239-5695 / (47) 99720-2726,contato@benckeconstrutora.com.br,www.benckeconstrutora.com.br,SC,
,(47) 3246-**** / (47) 3348-****,,www.passe.com.br,SC,
,(49) 3251-5515,,www.hrcerta.com.br,SC,
,(47) 3363-7007 / (47) 3393-6394,comercial@cnaconstrutora.com.br,www.cnaconstrutora.com.br,SC,
,(48) 3433-5266 / (48) 3433-5001,contabilidade@conferconstrutora.com.br,www.virtualiza.net,SC,
,(48) 3433-5001,,www.construbrassc.com.br,SC,
,(47) 99721-2000,contato@construpema.com.br,www.construpema.com.br,SC,
,(48) 3241-2574,,www.arthursilveira.com.br,SC,
,(48) 3465-0024,,www.construtorabaiano.com.br,SC,
,(48) 3626-0700,,www.barbosamoura.com.br,SC,
,(48) 3389-5002,comercial@amcconstrutora.com.br,www.amcconstrutora.com.br,SC,
,(47) 3422-6996,contato@construtoracorreia.com.br,www.construtoracorreia.com.br,SC,
,(47) 3376-1437 / (47) 99927-5615,,www.construtorajaragua.com.br,SC,
,(47) 99715-0150,,www.jlc.com.br,SC,
,(47) 99961-1000,,www.cill.com.br,SC,
,(47) 3361-0557,lombarda@lombarda.com.br,www.lombarda.com.br,SC,
,(49) 3566-9800,fetz@fetz.com.br,www.fetz.com.br,SC,
,(49) 3566-1600,,www.forlin.com.br,SC,
,(48) 3657-7222,,www.construtorafraga.com.br,SC,
,(47) 3326-0677,construtora@hahne.com.br,www.hahne.com.br,SC,
,(47) 3348-5457 / (47) 3433-4337,,www.construtoraholz.com.br,SC,
,(47) 3261-7300 / (47) 99973-2295,,www.jarussi.com.br,SC,
,1760107244,contato@construtoraatica.com.br,http://www.construtoraatica.com.br/,SP,
,1665077526,contato@atlantaubatuba.com.br,http://www.atlantaubatuba.com.br/,SP,
,7344963050,,http://www.construtorabaggio.com.br/,SP,
,1769368102,,http://www.construtorabalsante.com.br/,SP,
,1780612168,bandina@bandina.com.br,http://www.bandina.com.br/,SP,
,2545352419,contato@breci.com.br,http://www.breci.com.br/,SP,
,24397662528,,http://www.casabrancaconstrutora.com.br/,SP,
,24397662528,,http://www.casamicura.com.br/,SP,
,19 3426-7127,conservengenharia@conservengenharia.com.br,http://www.conservengenharia.com.br/,SP,
,2545352419,cordoba@construtoracordoba.com.br,http://www.construtoracordoba.com.br/,SP,
,35113689833,,http://www.construtoracpd.com.br/,SP,
,2545352419,comercial@construtoradalpra.com.br,http://www.construtoradalpra.com.br/,SP,
,(13)3591-8143,camartino@construtoramartino.com.br,http://www.construtoramartino.com.br/,SP,
,24397662528,,http://www.villaramos.com.br/,SP,
,11 4724-8573,edan@construtoraedan.com.br,http://www.construtoraedan.com.br/,SP,
,24397662528,,http://www.engebela.com.br/,SP,
,24397662528,,http://www.eugeniogarcia.com.br/,SP,
,24397662528,,http://www.construtorafacon.com.br/,SP,
,2545352419,atendimento@fenicia.com.br,http://www.construtorafenicia.com.br/,SP,
,24397662528,,http://www.construtorafortefix.com.br/,SP,
,1780694824,,http://www.graphite.com.br/,SP,
,(12) 3128-5300,,http://www.guimaraestorres.com.br/,SP,
,1780751564,construtoraigarata@uol.com.br,http://www.construtoraigarata.com.br/,SP,
,24397662528,,http://www.fedatto.com.br/,SP,
,1438537579,,http://www.solidadovale.com.br/,SP,
,94444444444,,http://www.instalmax.com.br/,SP,
,44455354000,daguano@femanet.com.br,http://www.construtorajcdaguano.com.br/,SP,
,55159813967,contato@construtorajcardoso.com.br,http://www.construtorajcardoso.com.br/,SP,
,24397662528,,http://www.jacy.com.br/,SP,
,44455354000,contato@construtorajbb.com.br,http://www.construtorajbb.com.br/,SP,
,1780773400,,http://www.kauffmann.com.br/,SP,
,24397662528,,http://www.lacotisse.com.br/,SP,
,1707324716,projetos@construtoralins.com.br,http://www.construtoralins.com.br/,SP,
,24397662528,,http://www.construtoram3.com.br/,SP,
,16431340506,consfor@consfor.com.br,http://www.consfor.com.br/,SP,
,1780577362,contato@mendessalge.com,http://www.mendessalge.com/,SP,
,39811437728,,http://www.mingardielias.com.br/,SP,
,36969658000,fundo@cmudar.com.br,http://www.construtoramudar.com.br/,SP,
,1937052222,,http://www.nogueiraporto.com.br/,SP,
,24397662528,,http://www.pavan.com.br/,SP,
,1239245400,,http://www.construtoracostanorte.com.br/,SP,
,24397662528,,http://www.construtoraromano.com.br/,SP,
,14652421738,,http://www.construtorapellegrini.com.br/,SP,
,1779896841,contato@construtoraplaneta.com.br,http://www.construtoraplaneta.com.br/,SP,
,(11) 4727-5005,,http://www.construtorapozzani.com.br/,SP,
,1712056082,procivil@procivil.com.br,http://www.procivil.com.br/,SP,
,55149975284,ravenna@construtoraravenna.com.br,http://www.construtoraravenna.com.br/,SP,
,24397662528,,http://www.resiplan.com.br/,SP,
,16890017416,suporteaocliente@ops.com.br,http://www.construtorariopreto.com.br/,SP,
,(19) 3461-0415,atendimento@construtorasega.com.br,http://www.construtorasega.com.br/,SP,
,24397662528,,http://www.construtorasequencia.com.br/,SP,
,24397662528,,http://www.simosos.com.br/,SP,
,24397662528,,http://www.spinaprojetos.com.br/,SP,
,2545352419,605a7baede844d278b89dc95ae0a9123@sentry-next.wixpress.com,http://www.construtorastefani.com.br/,SP,
,24397662528,,http://www.tapajosvotuporanga.com.br/,SP,
,1780376752,,http://www.tarjab.com.br/,SP,
,26303288103,,http://www.terrasimao.com.br/,SP,
,24397662528,,http://www.uliani.com.br/,SP,
,1780431879,sac@valadaresgontijo.com.br,http://www.valadaresgontijo.com.br/,SP,
,24397662528,,http://www.contisa.com.br/,SP,
,42882611856,,http://www.copenhagenconstrutora.com.br/,SP,
,10930087808,contato@coralon.com.br,http://www.coralon.com.br/,SP,
,24397662528,,http://www.cruzconstrutora.com.br/,SP,
,11 36831410,,http://www.descon.com.br/,SP,
,24397662528,,http://www.docelarconstrutora.com.br/,SP,
,2545352419,605a7baede844d278b89dc95ae0a9123@sentry-next.wixpress.com,http://www.dpmconstrutora.com.br/,SP,
,24397662528,,http://www.edalco.com.br/,SP,
,1780556890,,http://www.edgeconstrutora.com.br/,SP,
,1780591594,,http://www.emplanej.com.br/,SP,
,14874617960,encorp@encorpconstrutora.com.br,http://www.encorpconstrutora.com.br/,SP,
,(19) 3898-1521,contato@engecon.com.br,http://www.engecon.com.br/,SP,
,24397662528,,http://www.epocaconstrutorasp.com.br/,SP,
,1780599945,estrutura@estruturaconstrutora.com.br,http://www.estruturaconstrutora.com.br/,SP,
,24397662528,,http://www.famacconstrutora.com.br/,SP,
,24397662528,,http://www.feraconstrutora.com.br/,SP,
,1772641652,fido@fido.com.br,http://www.fido.com.br/,SP,
,(16) 3621-1594,jvdias@jvdias.com.br,http://www.jvdias.com.br/,SP,
,(11) 2909-9292 | (11)29099292 | 00000000000,contato@macs.com.br,http://www.macs.com.br/,SP,
,(15) 3229-3399 | (15) 98823-7272 | 1441186372,,http://www.magnumconst.com.br/,SP,
,(12) 3204-3930,marfex@marfex.com.br,http://www.marfex.com.br/,SP,
,(11) 2123-5557 | 01487498945 | 03599772581,boosters-countup@1.0.2 | boosters-custom-slider-webflow@2.0.3 | boosters-tooltip@1.1.2,http://www.marquesconstrutora.com.br/,SP,
,(13) 3223-3355 | (13) 99122-9100 | 55133223335,contato@metria.com.br | vendas@metria.com.br,http://www.metria.com.br/,SP,
,16956631760 | 16977285910 | 1739572962,contato@construtoramgm.com.br,http://www.construtoramgm.com.br/,SP,
,11 3826-2244,,http://www.miroconstrutora.com.br/,SP,
,(12) 3941-7888 | 10933518804 | 17460387493,contato@montante.com.br,http://www.montante.com.br/,SP,
,(13) 3471-2619 | (13) 99787-2619 | 16837341426,contato@mouraoconstrutora.com.br,http://www.mouraoconstrutora.com.br/,SP,
,(11) 2071-2620 | (11) 20714200 | (11) 2944-8789,,http://www.otaga.com.br/,SP,
,08009425151,ui@4.0,http://www.pereiraalvim.com.br/,SP,
,(19) 99928-9463 | (19)3541-8244 | 14775586666,plaege@plaege.com.br,http://www.plaege.com.br/,SP,
,(12) 3941-6000 | (12) 3941-9262 | (12) 99184-3016,administracao@planejconstrutora.com.br,http://www.planejconstrutora.com.br/,SP,
,(19) 3327-7802 | (19) 98405-2250 | 11854898093,compras@pontoexatum.com.br | contato@pontoexatum.com.br | core-js-bundle@3.2.1,http://www.pontoexatum.com.br/,SP,
,55112227806 | 55119990540 | 88000011444,js-cookie@3.0.5 | wght@400..700,http://www.porte.com.br/,SP,
,(13) 3289-3907 | 1332893907 | 17900092583,contato@predcenter.com.br,http://www.predcenter.com.br/,SP,
,(13) 3474-1919 | 1655858160 | 1671128756,bootstrap@5.1.3 | puddoconstrutora@gmail.com,http://www.puddoconstrutora.com.br/,SP,
,(12) 3943-7777 | (99) 9999-9999 | 11778172276,,http://www.rdcconstrutora.com.br/,SP,
,01121328900 | 01121328939 | 10008651671,aos@2.3.1 | comercial@rfm.com.br | relacionamento@rfm.com.br,http://www.rfm.com.br/,SP,
,(13) 3471-3330 | (13) 3591-8033 | (13) 99183-0576,VENDAS@GOMESEFERREIRACONSTRUTORA.COM.BR | core-js-bundle@3.2.1 | focus-within-polyfill@5.0.9,http://www.gomeseferreiraconstrutora.com.br/,SP,
,(13) 3481-3126 | (13) 3596-4891,atendimento@rgoncalvesconstrutora.com.br | contato@rgoncalvesconstrutora.com.br | vendas@rgoncalvesconstrutora.com.br,http://www.rgoncalvesconstrutora.com.br/,SP,
,01480283439 | 15755025009 | 15755029967,ajax-loader@2x.gif | rpa@rpaconstrutora.com.br,http://www.rpaconstrutora.com.br/,SP,
,01138725183 | 11 3872-5183 | 11 4506-3181,fernanda@bureauideias.com.br | marcelo@bureauideias.com.br,http://www.remconstrutora.com.br/,SP,
,(19) 3254-4114 | (19) 99113-7945 | 1628623431,contato@rioconstrutora.com.br,http://www.rioconstrutora.com.br/,SP,
,(16) 3630-4666 | 14810253715 | 14836352874,,http://www.smmconstrutora.com.br/,SP,
,(11) 94739-9098 | 10005140865 | 11464930833,setter@setterconstrutora.com.br | setterconstrutora@gmail.com,http://www.setterconstrutora.com.br/,SP,
,(12) 99206-5168 | 15235193473 | 30312109265,fernando@sigmaconstrutora.com.br,http://www.sigmaconstrutora.com.br/,SP,
,(11) 3723-2050,contato@slconstrutora.com.br,http://www.slconstrutora.com.br/,SP,
,(11) 3051-9960 | (11) 3051-9999 | 1780764945,,http://www.tiberio.com.br/,SP,
,8469991522,,http://www.toledoferrari.com.br/,SP,
,16610468413 | 1743539909 | 1775829181,,http://www.jetcasa.com.br/,SP,
,2147483647,,http://www.uniforteam.com.br/,SP,
,(19) 3013-0678 | (19) 99820-6283 | 55199982062,contato@construtoragallo.com.br,http://www.construtoragallo.com.br/,SP,
,(11) 4193-4500 | 09078791033,,http://www.construtoravinocur.com.br/,SP,
,1707920312 | 17229687053 | 44455354000,js@0.2.81 | slick-carousel@1.8.1,http://www.wnconstrutora.com.br/,SP,
,(16) 99438-7676 | 16357293045 | 1755681867,wpconstrutora@wpconstrutora.com.br,http://www.wpconstrutora.com.br/,SP,
Aurora Construtora,551136232280; 551136232288; 5522780946076,ajuda@aurora.com.br,http://www.aurora.com.br,MT,Cuiabá
Aliança Construtora,5513982212121; 551332293255,alianca@aliancaconstrutora.com.br,http://www.aliancaconstrutora.com.br,SP,Santos
Argos Construtora e Arquitetura Ltda,551934623674; 551934067173; 5519997661990,aquiles@arquitetoaquiles.com.br,http://www.arquitetoaquiles.com.br,SP,Americana
Marca Construtora e Serviços Ltda.,5527988382291; 5508008108099,atendimento.cliente@marcaambiental.com.br,http://www.marcaambiental.com.br,ES,Cariacica
BWB Construtora e Incorporadora Ltda,555432041220,atendimento@bwbincorporadora.com.br,http://www.bwbincorporadora.com.br,RS,Caxias do Sul
Construmoura Construtora Empreendimentos,551335055700; 5513996400343,atendimento@construmoura.com.br,http://www.construmoura.com.br,SP,Mongaguá
Construtora Atrium,553135894000,atendimento@construtoraatrium.com.br,http://www.construtoraatrium.com.br,MG,Serra Del Rei
Construtora Fama,558134718288; 551742285735; 551742285740,atendimento@construtorafama.com.br,http://www.construtorafama.com.br,PE,Recife
Construtora e Urbanizadora Rech Ltda,555137113364,atendimento@construtorarech.com.br,http://www.construtorarech.com.br,RS,Santa Cruz do Sul
Construtora Mont Serrat,552134169001,atendimento@montserrat.com.br,http://www.montserrat.com.br,RJ,Rio de Janeiro
Comercial Construtora Prohidro,5515997408178; 551533318484,atendimento@prohidro.com,http://www.prohidro.com,SP,Sorocaba
Casas e Casas Construtora,5511939539064; 551139077762; 551140040571,atendimento@prtcasasconstrutora.com.br,http://www.casasecasasconstrutora.com.br,SP,Mogi das Cruzes
Construtora Baggio Silveira Ltda,554232252866,baggiosilveira@uol.com.br,http://www.baggiosilveira.com.br,PR,Ponta Grossa
Construtora E Incorporadora Leonel Ltda,554733450563; 554733451196; 554733453523,centraldevendas@cillconstrutora.com.br,http://www.cill.com.br,SC,Balneário Piçarras
Construtora E Incorporadora Leonel Ltda,554733450563; 554733451196; 554733453523,cill@cillconstrutora.com.br,http://www.cill.com.br,SC,Balneário Piçarras
Construtora Luiz Costa,558433189500; 558481186465,clc@clcconstrutora.com.br,http://www.clcconstrutora.com.br,RN,Mossoró
Combase Construtora,556734260100; 551780929018; 5572924841359,combase@combasedourados.com.br,http://www.combasedourados.com.br,MS,Dourados
Construtora Arthur Silveira,5548999147600,comercial@arthursilveira.com.br,http://www.arthursilveira.com.br,SC,Florianópolis
Caf Construtora Comércio,551639426501,comercial@cafconstrutora.com.br,http://www.cafconstrutora.com.br,SP,Sertãozinho
Cativa Construtora e Incorporadora Ltda,554732461000,comercial@passe.com.br,http://www.passe.com.br,SC,Itajaí
CONEL CONSTRUTORA LTDA,553432368600,conel@conel.com.br,http://www.conel.com.br,MG,Uberlândia
Conepura Construtora Incorporadora,551239416810; 551239416833,conepura@conepura.com.br,http://www.conepura.com.br,SP,São José dos Campos
Conscam-construtora Campos Ltda,552230339709; 5522999829821,conscam@conscam.com.br,http://www.conscam.com.br,RJ,Campos dos Goytacazes
Constilo Construtora,551932516786,constilo@constilo.com.br,http://www.constilo.com.br,SP,Campinas
Construlemes Construtora,551140321020; 5511999487929; 5511971373033,construlemesconstrutora@gmail.com,http://www.construlemes.com.br,SP,Bragança Paulista
Construtora Agmar Ltda,553133438000; 553196166520; 5531996166520,construtora@agmar.com.br,http://www.agmar.com.br,MG,Belo Horizonte
Aires construtora,551126806726; 551334813100,construtora@airesimoveis.com.br,http://www.airesimoveis.com.br,SP,Praia Grande
Construtora Entre os Rios Ltda,552125953838; 552125955959,construtora@entreosrios.com.br,http://www.entreosrios.com.br,RJ,Rio de Janeiro
Construtora Guetter,554130277336,construtora@guetter.com.br,http://www.guetter.com.br,PR,Curitiba
Ademir Fresca Construtora Incorporadora,551236811380,contato@ademirfresca.com.br,http://www.ademirfresca.com.br,SP,Taubaté
Construtora Altti,553132865772; 5531986848860,contato@altti.com.br,http://www.altti.com.br,MG,Belo Horizonte
Construtora Anastácio,5511942597234,contato@anastacio.com.br,http://www.anastacio.com.br,SP,Osasco
ARS Kammer Construtora,554733688954; 554733683576; 5548999681749,contato@arskammer.com.br,http://www.arskammerconstrutora.com.br,SC,São João Batista
Construtora Arthur Silveira,5548999147600,contato@arthursilveira.com.br,http://www.arthursilveira.com.br,SC,Florianópolis
BWB Construtora e Incorporadora Ltda,555432041220,contato@bwbilha.com.br,http://www.bwbincorporadora.com.br,RS,Caxias do Sul
Concretizar Construtora Ltda,553134119398; 5531991752014,contato@concretizarconstrutora.com.br,http://www.concretizarconstrutora.com.br,MG,Caiçara
Construtora Gotardo Ltda,554532266115; 5545999818822,contato@construtoragotardo.com.br,http://www.construtoragotardo.com.br,PR,Cascavel
Construtora Madel Ltda,552136204004; 552136205002; 552136205006,contato@construtoramadel.com.br,http://www.construtoramadel.com.br,RJ,Niterói
Construtora Sucesso,5515592301375; 5527540102829; 5528763127875,contato@construtorasucesso.com.br,http://www.construtorasucesso.com.br,PI,Teresina
Elitim Construtora,558432342412; 551780923948; 552812300476,contato@elitim.com.br,http://www.elitim.com.br,RN,Natal
Construtora Guaraenge Ltda,554236243675; 5542999388286,contato@guaraenge.com.br,http://www.guaraenge.com.br,PR,Guarapuava
Construtora Hahne Ltda,554733260677,contato@hahne.com.br,http://www.hahne.com.br,SC,Blumenau
CHC Construtora,554734252600,contato@hrcerta.com.br,http://www.hrcerta.com.br,SC,Joinville
Construtora São Benedito Plantão de Vendas,5565984040805; 5511912273741; 5512215055144,contato@marcosbiancardini.com.br,http://www.marcosbiancardini.com.br,MT,Centro
Construtora Mendonça Júnior,558432344017; 5511984742255; 5513753517307,contato@mendoncajunior.com.br,http://www.mendoncajunior.com.br,RN,Natal
Construtora RC BOTELHO,5521994231277,contato@rcbotelho.com.br,http://www.rcbotelho.com.br,RJ,Amendoeira
Construtora Reata,5558531058000; 5568219016285; 5571242423521,contato@reata.com.br,http://www.reata.com.br,CE,Fortaleza
Construtora Talismã,556332174060; 556341012815; 551494352166,contato@talismaconstrutora.com.br,http://www.talismaconstrutora.com.br,TO,Palmas
Construtora e Incorporadora Vincere,554133139950,contato@vincereincorporadora.com.br,http://www.vincereconstrutora.com.br,PR,Curitiba
Dellmoro Construtora,559137296260,contatos@dellmoro.com.br,http://www.dellmoro.com.br,PA,Paragominas
CPL-Construtora Pirâmide,5514582210023; 5514582213064; 5514582221016,cpl@construtorapiramide.com.br,http://www.construtorapiramide.com.br,PB,João Pessoa
Himalaia Construtora Ltda,5562999697532; 5514285714286; 551724956028,csm@himalaia.net.br,http://www.himalaia.net.br,GO,Goiânia
Clave Construtora | Vivendas do Pirajá,555130616665; 5551998816665; 5550911091920,exemplo@meusite.com,http://www.clave.com.br,RS,Porto Alegre
Construtora Incorporadora J A Russi Ltda,554732617300; 5547999732295; 5547997030135,fachada@2x.png,http://www.jarussi.com.br,SC,Itapema
C O N A S A Construtora,554330253636,faleconosco@conasa.com,http://www.conasa.com.br,RJ,Rio de Janeiro
Signus Construtora,552732255444,fornecedores@signusconstrutora.com.br,http://www.signusconstrutora.com.br,ES,Vitória
FUNSOLOS CONSTRUTORA E ENGENHARIA LTDA,556536375900; 556635449292; 551774547968,funsolos.cuiaba@funsolos.com,http://www.funsolos.com.br,MS,Campo Grande
FUNSOLOS CONSTRUTORA E ENGENHARIA LTDA,556536375900; 556635449292; 551774547968,funsolos.matriz@funsolos.com,http://www.funsolos.com.br,MS,Campo Grande
FUNSOLOS CONSTRUTORA E ENGENHARIA LTDA,556536375900; 556635449292; 551774547968,funsolos.sorriso@funsolos.com.br,http://www.funsolos.com.br,MS,Campo Grande
Caf Construtora Comércio,551639426501,info@realestate.com,http://www.cafconstrutora.com.br,SP,Sertãozinho
Construtora Hahne Ltda,554733260677,lgpd@hahne.com.br,http://www.hahne.com.br,SC,Blumenau
CBC Construtora Base e Comércio.,552732509006; 552732280100,marcelo.dipre@cbcconstrutora.com.br,http://www.cbcconstrutora.com.br,ES,Carapina
Mazzini Gomes Construtora e Incorporadora Ltda,5502733571099; 552733571099,mazzini@mazzinigomes.com.br,http://www.mazzinigomes.com.br,ES,Vitória
Construmoura Construtora Empreendimentos,551335055700; 5513996400343,mrjacad@gmail.com,http://www.construmoura.com.br,SP,Mongaguá
Construtora Talismã,556332174060; 556341012815; 551494352166,negocios@talismaconstrutora.com.br,http://www.talismaconstrutora.com.br,TO,Palmas
CPL-Construtora Pirâmide,5514582210023; 5514582213064; 5514582221016,piramide@construtorapiramide.com.br,http://www.construtorapiramide.com.br,PB,João Pessoa
CNA Construtora e Incorporadora Ltda.,5547992499232; 5547992354715; 5547988474642,relacionamento3@cnaconstrutora.com.br,http://www.cnaconstrutora.com.br,SC,Itapema
CNA Construtora e Incorporadora Ltda.,5547992499232; 5547992354715; 5547988474642,relacionamento4@cnaconstrutora.com.br,http://www.cnaconstrutora.com.br,SC,Itapema
CNA Construtora e Incorporadora Ltda.,5547992499232; 5547992354715; 5547988474642,relacionamento5@cnaconstrutora.com.br,http://www.cnaconstrutora.com.br,SC,Itapema
CNA Construtora e Incorporadora Ltda.,5547992499232; 5547992354715; 5547988474642,relacionamento@cnaconstrutora.com.br,http://www.cnaconstrutora.com.br,SC,Itapema
CONSTRUTORA ELDORADO LTDA,551563814684; 551780782783; 5526277211348,rh02@eldorado.eng.br,http://www.construtoraeldorado.com.br,PE,Recife
Construtora Abapan,554532244843,ricardo@abapan.com.br,http://www.abapan.com.br,PR,Cascavel
CBC Construtora Base e Comércio.,552732509006; 552732280100,rodrigo@cbcconstrutora.com.br,http://www.cbcconstrutora.com.br,ES,Carapina
Construtora Certa,558432062999; 5584124423639,sac@certaengenharia.com.br,http://www.construtoracerta.com.br,RN,Natal
Construtora Certa,558432062999; 5584124423639,sac@construtoracerta.com.br,http://www.construtoracerta.com.br,RN,Natal
Construtora Fernandes Maciel,552126215600; 552126133752; 552136200101,sac@fernandesmaciel.com.br,http://www.fernandesmaciel.com.br,RJ,Niterói
Construtora Fontanive,554132621010,sac@fontanive.com.br,http://www.fontanive.com.br,PR,Curitiba
Construtora Saimel,5521971404058; 552125766792,saimel@saimel.com.br,http://www.saimel.com.br,RJ,Rio de Janeiro
Construtora Entre os Rios Ltda,552125953838; 552125955959,suprimentos@entreosrios.com.br,http://www.entreosrios.com.br,RJ,Rio de Janeiro
Construtora e Incorporadora JCL Ltda,5547997150150,tower@3x.png,http://www.jlc.com.br,SC,Itapema
Construtora Araújo Lima,5531984951360; 553133036700,vendas@araujolima.com,http://www.araujolima.com,MG,Belo Horizonte
Conepura Construtora Incorporadora,551239416810; 551239416833,vendas@conepura.com.br,http://www.conepura.com.br,SP,São José dos Campos
Construtora Dib e Dib,5551995755027,vendas@dibdib.com.br,http://www.dibdib.com.br,RS,Porto Alegre
Tuma Construtora e Incorporadora,5527992393968; 552733141491; 552733141177,vendas@tmaconstrutora.com.br,http://www.tmaconstrutora.com.br,ES,Vitória
CBC Construtora Base e Comércio.,552732509006; 552732280100,waldir@cbcconstrutora.com.br,http://www.cbcconstrutora.com.br,ES,Carapina
